id_auditoria,id_producto,precio_anterior,precio_nuevo,fecha_cambio,id_empleado
1,2,6.42,104.22,2025-07-17 18:00:48.197942,2
2,3,94.94,159.21,2025-08-14 18:00:48.197942,3
3,4,16.53,189.49,2025-08-08 18:00:48.197942,4
4,5,58.14,146.20,2025-09-05 18:00:48.197942,5
5,6,90.37,28.33,2025-08-07 18:00:48.197942,6
6,7,100.66,148.99,2025-09-03 18:00:48.197942,7
7,8,52.09,59.20,2025-08-27 18:00:48.197942,8
8,9,13.61,145.70,2025-08-24 18:00:48.197942,9
9,10,7.59,29.82,2025-08-21 18:00:48.197942,10
10,11,32.57,67.49,2025-07-16 18:00:48.197942,11
11,12,20.60,35.11,2025-07-15 18:00:48.197942,12
12,13,10.68,142.41,2025-08-22 18:00:48.197942,13
13,14,30.52,145.29,2025-08-26 18:00:48.197942,14
14,15,46.36,23.49,2025-07-19 18:00:48.197942,15
15,16,86.46,157.10,2025-07-23 18:00:48.197942,16
16,17,53.56,122.03,2025-08-26 18:00:48.197942,17
17,18,66.30,86.47,2025-08-23 18:00:48.197942,18
18,19,72.97,117.21,2025-08-09 18:00:48.197942,19
19,20,47.10,146.42,2025-08-24 18:00:48.197942,20
20,21,59.25,179.19,2025-08-15 18:00:48.197942,21
21,22,58.07,85.04,2025-08-30 18:00:48.197942,22
22,23,12.35,17.26,2025-08-16 18:00:48.197942,23
23,24,37.82,152.98,2025-08-16 18:00:48.197942,24
24,25,29.50,24.47,2025-08-10 18:00:48.197942,25
25,26,97.69,19.62,2025-07-25 18:00:48.197942,26
26,27,94.36,112.20,2025-07-28 18:00:48.197942,27
27,28,81.57,153.58,2025-08-05 18:00:48.197942,28
28,29,36.12,52.44,2025-07-10 18:00:48.197942,29
29,30,40.78,192.34,2025-07-31 18:00:48.197942,30
30,31,70.03,136.82,2025-08-14 18:00:48.197942,31
31,32,77.56,186.21,2025-08-01 18:00:48.197942,32
32,33,38.11,77.53,2025-07-10 18:00:48.197942,33
33,34,95.61,187.29,2025-09-06 18:00:48.197942,34
34,35,74.66,159.23,2025-08-04 18:00:48.197942,35
35,36,9.97,101.90,2025-08-29 18:00:48.197942,36
36,37,83.26,122.59,2025-08-28 18:00:48.197942,37
37,38,58.60,191.92,2025-09-06 18:00:48.197942,38
38,39,77.37,121.94,2025-08-11 18:00:48.197942,39
39,40,89.20,41.16,2025-07-30 18:00:48.197942,40
40,41,100.08,202.09,2025-07-16 18:00:48.197942,41
41,42,67.58,58.98,2025-08-24 18:00:48.197942,42
42,43,50.31,112.31,2025-07-26 18:00:48.197942,43
43,44,3.71,177.59,2025-07-15 18:00:48.197942,44
44,45,67.61,75.75,2025-07-28 18:00:48.197942,45
45,46,3.70,64.42,2025-07-11 18:00:48.197942,46
46,47,85.99,193.27,2025-07-31 18:00:48.197942,47
47,48,33.40,204.24,2025-07-14 18:00:48.197942,48
48,49,39.67,98.10,2025-08-24 18:00:48.197942,49
49,50,4.83,107.26,2025-07-28 18:00:48.197942,50
50,51,61.57,50.19,2025-08-14 18:00:48.197942,51
51,52,31.70,207.21,2025-07-25 18:00:48.197942,52
52,53,11.01,171.77,2025-08-19 18:00:48.197942,53
53,54,73.74,160.14,2025-08-14 18:00:48.197942,54
54,55,54.34,92.13,2025-08-15 18:00:48.197942,55
55,56,64.00,83.78,2025-09-01 18:00:48.197942,56
56,57,76.20,151.58,2025-08-05 18:00:48.197942,57
57,58,75.98,77.61,2025-08-11 18:00:48.197942,58
58,59,26.53,73.55,2025-08-03 18:00:48.197942,59
59,60,16.26,105.20,2025-08-07 18:00:48.197942,60
60,61,76.85,33.89,2025-09-06 18:00:48.197942,61
61,62,85.44,30.61,2025-07-27 18:00:48.197942,62
62,63,80.19,85.83,2025-08-28 18:00:48.197942,63
63,64,76.96,43.95,2025-08-19 18:00:48.197942,64
64,65,73.63,206.65,2025-08-11 18:00:48.197942,65
65,66,100.80,149.94,2025-07-21 18:00:48.197942,66
66,67,2.95,142.91,2025-08-22 18:00:48.197942,67
67,68,80.64,118.59,2025-08-01 18:00:48.197942,68
68,69,79.07,184.47,2025-08-28 18:00:48.197942,69
69,70,8.06,104.73,2025-09-01 18:00:48.197942,70
70,71,30.77,182.30,2025-07-29 18:00:48.197942,71
71,72,17.71,13.11,2025-07-15 18:00:48.197942,72
72,73,37.89,187.00,2025-08-19 18:00:48.197942,73
73,74,13.72,68.93,2025-08-05 18:00:48.197942,74
74,75,58.49,128.28,2025-08-11 18:00:48.197942,75
75,76,87.60,89.94,2025-08-03 18:00:48.197942,76
76,77,5.45,86.47,2025-07-10 18:00:48.197942,77
77,78,11.29,155.98,2025-07-31 18:00:48.197942,78
78,79,58.07,50.22,2025-08-17 18:00:48.197942,79
79,80,66.17,20.82,2025-08-06 18:00:48.197942,80
80,81,56.94,45.53,2025-08-13 18:00:48.197942,81
81,82,48.20,44.36,2025-07-15 18:00:48.197942,82
82,83,96.52,105.93,2025-08-10 18:00:48.197942,83
83,84,53.72,91.21,2025-07-20 18:00:48.197942,84
84,85,52.31,143.13,2025-08-23 18:00:48.197942,85
85,86,78.56,18.29,2025-08-01 18:00:48.197942,86
86,87,51.22,145.57,2025-08-27 18:00:48.197942,87
87,88,89.65,87.01,2025-08-24 18:00:48.197942,88
88,89,60.27,20.57,2025-08-21 18:00:48.197942,89
89,90,30.26,15.80,2025-08-17 18:00:48.197942,90
90,91,61.18,107.76,2025-07-20 18:00:48.197942,91
91,92,44.54,169.46,2025-07-26 18:00:48.197942,92
92,93,57.61,46.45,2025-08-17 18:00:48.197942,93
93,94,66.84,194.77,2025-07-17 18:00:48.197942,94
94,95,85.36,31.84,2025-08-09 18:00:48.197942,95
95,96,44.58,69.80,2025-08-28 18:00:48.197942,96
96,97,68.33,181.12,2025-07-13 18:00:48.197942,97
97,98,78.24,111.89,2025-07-12 18:00:48.197942,98
98,99,12.96,55.59,2025-08-24 18:00:48.197942,99
99,100,40.05,51.48,2025-08-18 18:00:48.197942,100
100,101,50.95,194.29,2025-07-13 18:00:48.197942,1
101,102,99.65,183.32,2025-08-30 18:00:48.197942,2
102,103,47.99,95.42,2025-08-18 18:00:48.197942,3
103,104,100.24,201.46,2025-08-30 18:00:48.197942,4
104,105,33.58,157.09,2025-08-23 18:00:48.197942,5
105,106,28.88,31.21,2025-08-20 18:00:48.197942,6
106,107,36.72,43.76,2025-08-18 18:00:48.197942,7
107,108,78.52,41.25,2025-08-17 18:00:48.197942,8
108,109,81.30,71.23,2025-07-13 18:00:48.197942,9
109,110,49.95,73.69,2025-07-24 18:00:48.197942,10
110,111,65.07,72.95,2025-07-30 18:00:48.197942,11
111,112,33.05,183.69,2025-09-03 18:00:48.197942,12
112,113,16.50,34.14,2025-08-06 18:00:48.197942,13
113,114,99.18,152.41,2025-07-17 18:00:48.197942,14
114,115,1.06,155.57,2025-08-07 18:00:48.197942,15
115,116,29.49,144.73,2025-07-19 18:00:48.197942,16
116,117,73.70,172.58,2025-08-24 18:00:48.197942,17
117,118,82.22,46.90,2025-09-01 18:00:48.197942,18
118,119,61.53,192.17,2025-07-21 18:00:48.197942,19
119,120,37.92,196.57,2025-09-05 18:00:48.197942,20
120,121,85.27,21.19,2025-07-27 18:00:48.197942,21
121,122,52.68,134.56,2025-08-25 18:00:48.197942,22
122,123,30.64,37.89,2025-07-19 18:00:48.197942,23
123,124,65.56,124.13,2025-08-25 18:00:48.197942,24
124,125,55.06,136.32,2025-08-02 18:00:48.197942,25
125,126,86.74,191.80,2025-07-18 18:00:48.197942,26
126,127,19.22,192.26,2025-07-10 18:00:48.197942,27
127,128,43.15,200.08,2025-08-18 18:00:48.197942,28
128,129,52.06,54.52,2025-07-17 18:00:48.197942,29
129,130,47.14,54.07,2025-08-19 18:00:48.197942,30
130,131,93.86,24.51,2025-07-26 18:00:48.197942,31
131,132,18.56,72.46,2025-08-14 18:00:48.197942,32
132,133,4.91,170.13,2025-08-24 18:00:48.197942,33
133,134,57.09,120.99,2025-07-11 18:00:48.197942,34
134,135,24.76,112.42,2025-07-23 18:00:48.197942,35
135,136,96.57,205.28,2025-08-29 18:00:48.197942,36
136,137,51.85,99.12,2025-08-18 18:00:48.197942,37
137,138,13.77,141.04,2025-08-01 18:00:48.197942,38
138,139,21.22,47.60,2025-08-23 18:00:48.197942,39
139,140,60.02,87.52,2025-08-01 18:00:48.197942,40
140,141,93.07,77.08,2025-09-02 18:00:48.197942,41
141,142,38.47,15.52,2025-07-31 18:00:48.197942,42
142,143,94.31,52.07,2025-09-05 18:00:48.197942,43
143,144,70.28,109.03,2025-07-12 18:00:48.197942,44
144,145,8.77,85.62,2025-07-14 18:00:48.197942,45
145,146,63.45,67.48,2025-08-11 18:00:48.197942,46
146,147,4.92,92.93,2025-07-23 18:00:48.197942,47
147,148,76.80,47.62,2025-07-12 18:00:48.197942,48
148,149,6.01,24.57,2025-08-05 18:00:48.197942,49
149,150,100.60,155.14,2025-08-12 18:00:48.197942,50
150,151,20.89,146.68,2025-07-29 18:00:48.197942,51
151,152,51.05,93.56,2025-08-19 18:00:48.197942,52
152,153,45.46,192.16,2025-07-26 18:00:48.197942,53
153,154,23.15,193.18,2025-07-25 18:00:48.197942,54
154,155,87.39,204.89,2025-07-14 18:00:48.197942,55
155,156,70.58,62.98,2025-08-15 18:00:48.197942,56
156,157,50.87,152.50,2025-08-06 18:00:48.197942,57
157,158,81.23,97.81,2025-07-10 18:00:48.197942,58
158,159,36.14,178.31,2025-08-04 18:00:48.197942,59
159,160,53.00,178.56,2025-08-11 18:00:48.197942,60
160,161,65.32,65.30,2025-09-02 18:00:48.197942,61
161,162,11.57,114.09,2025-07-23 18:00:48.197942,62
162,163,88.38,158.42,2025-07-22 18:00:48.197942,63
163,164,51.28,128.20,2025-08-13 18:00:48.197942,64
164,165,6.71,193.25,2025-08-18 18:00:48.197942,65
165,166,27.40,46.24,2025-07-28 18:00:48.197942,66
166,167,82.31,12.68,2025-08-03 18:00:48.197942,67
167,168,23.23,161.92,2025-08-15 18:00:48.197942,68
168,169,89.97,178.06,2025-08-09 18:00:48.197942,69
169,170,83.00,81.80,2025-07-23 18:00:48.197942,70
170,171,99.45,116.23,2025-08-25 18:00:48.197942,71
171,172,32.19,127.58,2025-07-09 18:00:48.197942,72
172,173,63.53,133.09,2025-09-01 18:00:48.197942,73
173,174,62.30,209.17,2025-08-27 18:00:48.197942,74
174,175,84.00,60.56,2025-08-04 18:00:48.197942,75
175,176,66.34,31.90,2025-08-30 18:00:48.197942,76
176,177,1.44,132.55,2025-08-13 18:00:48.197942,77
177,178,71.81,96.79,2025-08-07 18:00:48.197942,78
178,179,32.28,161.45,2025-07-22 18:00:48.197942,79
179,180,24.63,37.02,2025-07-10 18:00:48.197942,80
180,181,71.77,170.24,2025-08-02 18:00:48.197942,81
181,182,39.21,142.90,2025-08-24 18:00:48.197942,82
182,183,7.99,12.66,2025-07-31 18:00:48.197942,83
183,184,77.61,204.60,2025-08-16 18:00:48.197942,84
184,185,87.59,149.06,2025-08-01 18:00:48.197942,85
185,186,30.87,110.22,2025-08-19 18:00:48.197942,86
186,187,84.71,115.53,2025-09-05 18:00:48.197942,87
187,188,83.26,193.23,2025-07-15 18:00:48.197942,88
188,189,44.06,42.20,2025-07-17 18:00:48.197942,89
189,190,81.37,35.54,2025-08-31 18:00:48.197942,90
190,191,89.34,94.50,2025-08-30 18:00:48.197942,91
191,192,33.53,160.29,2025-09-01 18:00:48.197942,92
192,193,32.40,149.10,2025-07-18 18:00:48.197942,93
193,194,4.82,107.85,2025-07-16 18:00:48.197942,94
194,195,71.93,179.06,2025-08-07 18:00:48.197942,95
195,196,91.78,149.25,2025-08-18 18:00:48.197942,96
196,197,34.54,79.43,2025-08-27 18:00:48.197942,97
197,198,83.07,14.06,2025-08-12 18:00:48.197942,98
198,199,96.46,45.99,2025-07-29 18:00:48.197942,99
199,200,95.24,208.96,2025-07-10 18:00:48.197942,100
200,201,100.83,177.82,2025-08-18 18:00:48.197942,1
201,202,66.72,48.20,2025-07-28 18:00:48.197942,2
202,203,19.03,19.44,2025-07-21 18:00:48.197942,3
203,204,72.56,163.26,2025-07-17 18:00:48.197942,4
204,205,98.26,109.01,2025-08-22 18:00:48.197942,5
205,206,66.86,42.79,2025-09-01 18:00:48.197942,6
206,207,23.42,124.63,2025-07-17 18:00:48.197942,7
207,208,85.75,154.32,2025-08-17 18:00:48.197942,8
208,209,81.22,171.11,2025-07-15 18:00:48.197942,9
209,210,24.30,108.58,2025-08-12 18:00:48.197942,10
210,211,99.18,85.30,2025-08-14 18:00:48.197942,11
211,212,12.73,84.15,2025-08-29 18:00:48.197942,12
212,213,16.44,40.42,2025-08-20 18:00:48.197942,13
213,214,71.03,72.47,2025-07-11 18:00:48.197942,14
214,215,84.63,78.11,2025-08-04 18:00:48.197942,15
215,216,34.37,163.54,2025-09-05 18:00:48.197942,16
216,217,25.13,14.33,2025-08-27 18:00:48.197942,17
217,218,91.20,138.14,2025-07-15 18:00:48.197942,18
218,219,9.94,81.16,2025-08-17 18:00:48.197942,19
219,220,60.10,97.69,2025-08-31 18:00:48.197942,20
220,221,40.60,70.04,2025-08-08 18:00:48.197942,21
221,222,49.62,109.57,2025-07-22 18:00:48.197942,22
222,223,95.65,168.18,2025-07-10 18:00:48.197942,23
223,224,64.54,126.94,2025-07-13 18:00:48.197942,24
224,225,73.17,164.84,2025-07-16 18:00:48.197942,25
225,226,17.26,125.93,2025-08-03 18:00:48.197942,26
226,227,25.67,83.26,2025-07-11 18:00:48.197942,27
227,228,55.70,104.86,2025-07-20 18:00:48.197942,28
228,229,75.23,120.84,2025-07-22 18:00:48.197942,29
229,230,5.69,174.39,2025-09-06 18:00:48.197942,30
230,231,20.43,193.49,2025-08-02 18:00:48.197942,31
231,232,25.62,163.85,2025-08-22 18:00:48.197942,32
232,233,91.83,157.69,2025-08-08 18:00:48.197942,33
233,234,60.32,158.28,2025-08-01 18:00:48.197942,34
234,235,52.27,141.50,2025-07-19 18:00:48.197942,35
235,236,88.89,98.20,2025-08-29 18:00:48.197942,36
236,237,25.66,34.70,2025-09-04 18:00:48.197942,37
237,238,26.17,149.70,2025-08-26 18:00:48.197942,38
238,239,56.94,190.44,2025-08-04 18:00:48.197942,39
239,240,58.48,159.29,2025-08-14 18:00:48.197942,40
240,241,90.49,108.84,2025-09-02 18:00:48.197942,41
241,242,69.48,184.95,2025-08-11 18:00:48.197942,42
242,243,92.20,59.41,2025-08-22 18:00:48.197942,43
243,244,49.34,194.91,2025-08-30 18:00:48.197942,44
244,245,67.68,86.57,2025-07-29 18:00:48.197942,45
245,246,46.01,203.28,2025-08-27 18:00:48.197942,46
246,247,59.79,41.87,2025-07-27 18:00:48.197942,47
247,248,42.00,17.56,2025-08-12 18:00:48.197942,48
248,249,39.08,81.08,2025-08-03 18:00:48.197942,49
249,250,20.09,157.68,2025-07-23 18:00:48.197942,50
250,251,71.83,185.84,2025-09-02 18:00:48.197942,51
251,252,89.46,36.36,2025-08-11 18:00:48.197942,52
252,253,83.19,127.81,2025-07-25 18:00:48.197942,53
253,254,52.12,131.15,2025-08-02 18:00:48.197942,54
254,255,57.03,23.63,2025-08-31 18:00:48.197942,55
255,256,3.45,138.75,2025-08-13 18:00:48.197942,56
256,257,71.19,134.73,2025-08-18 18:00:48.197942,57
257,258,51.13,146.35,2025-07-18 18:00:48.197942,58
258,259,70.09,18.73,2025-07-26 18:00:48.197942,59
259,260,68.83,146.26,2025-08-13 18:00:48.197942,60
260,261,5.74,85.70,2025-09-05 18:00:48.197942,61
261,262,24.91,125.43,2025-07-10 18:00:48.197942,62
262,263,65.77,41.43,2025-08-29 18:00:48.197942,63
263,264,47.51,80.49,2025-08-07 18:00:48.197942,64
264,265,1.33,59.62,2025-07-25 18:00:48.197942,65
265,266,83.98,208.72,2025-09-03 18:00:48.197942,66
266,267,90.27,63.66,2025-07-22 18:00:48.197942,67
267,268,31.82,92.56,2025-07-16 18:00:48.197942,68
268,269,54.05,45.19,2025-08-22 18:00:48.197942,69
269,270,87.88,150.50,2025-07-27 18:00:48.197942,70
270,271,21.04,203.27,2025-07-21 18:00:48.197942,71
271,272,11.56,166.35,2025-08-11 18:00:48.197942,72
272,273,20.29,132.25,2025-07-09 18:00:48.197942,73
273,274,66.99,183.84,2025-08-06 18:00:48.197942,74
274,275,30.85,19.10,2025-07-27 18:00:48.197942,75
275,276,21.38,129.53,2025-08-30 18:00:48.197942,76
276,277,85.64,172.66,2025-08-02 18:00:48.197942,77
277,278,54.97,115.52,2025-07-22 18:00:48.197942,78
278,279,54.63,20.53,2025-07-28 18:00:48.197942,79
279,280,1.57,97.20,2025-08-11 18:00:48.197942,80
280,281,98.64,88.07,2025-07-27 18:00:48.197942,81
281,282,13.21,25.54,2025-07-10 18:00:48.197942,82
282,283,35.28,22.00,2025-07-14 18:00:48.197942,83
283,284,11.88,209.02,2025-08-11 18:00:48.197942,84
284,285,20.14,163.50,2025-07-14 18:00:48.197942,85
285,286,17.90,182.52,2025-07-13 18:00:48.197942,86
286,287,42.02,115.64,2025-07-22 18:00:48.197942,87
287,288,17.09,30.31,2025-07-27 18:00:48.197942,88
288,289,59.86,35.41,2025-07-29 18:00:48.197942,89
289,290,23.18,24.12,2025-07-16 18:00:48.197942,90
290,291,81.85,99.74,2025-08-22 18:00:48.197942,91
291,292,78.89,67.70,2025-08-08 18:00:48.197942,92
292,293,63.56,176.48,2025-08-16 18:00:48.197942,93
293,294,92.84,179.60,2025-09-04 18:00:48.197942,94
294,295,5.95,194.33,2025-08-18 18:00:48.197942,95
295,296,46.45,10.80,2025-07-19 18:00:48.197942,96
296,297,16.06,173.52,2025-08-27 18:00:48.197942,97
297,298,16.11,112.82,2025-07-21 18:00:48.197942,98
298,299,7.79,199.75,2025-08-29 18:00:48.197942,99
299,300,20.35,85.21,2025-08-09 18:00:48.197942,100
300,301,13.41,194.98,2025-08-26 18:00:48.197942,1
301,302,4.63,62.52,2025-07-29 18:00:48.197942,2
302,303,87.92,29.90,2025-07-27 18:00:48.197942,3
303,304,4.24,161.47,2025-08-16 18:00:48.197942,4
304,305,49.52,52.32,2025-08-05 18:00:48.197942,5
305,306,50.51,24.21,2025-07-22 18:00:48.197942,6
306,307,59.64,185.73,2025-08-31 18:00:48.197942,7
307,308,81.66,185.48,2025-08-19 18:00:48.197942,8
308,309,84.99,153.01,2025-08-24 18:00:48.197942,9
309,310,66.13,105.09,2025-07-17 18:00:48.197942,10
310,311,34.07,85.45,2025-07-21 18:00:48.197942,11
311,312,3.18,186.46,2025-08-07 18:00:48.197942,12
312,313,82.67,197.52,2025-07-13 18:00:48.197942,13
313,314,31.10,68.05,2025-07-25 18:00:48.197942,14
314,315,59.42,42.18,2025-09-04 18:00:48.197942,15
315,316,64.87,61.79,2025-07-30 18:00:48.197942,16
316,317,16.79,23.72,2025-07-22 18:00:48.197942,17
317,318,44.28,113.03,2025-09-03 18:00:48.197942,18
318,319,98.77,119.25,2025-07-10 18:00:48.197942,19
319,320,97.97,100.01,2025-08-08 18:00:48.197942,20
320,321,11.62,61.69,2025-09-01 18:00:48.197942,21
321,322,15.38,182.82,2025-07-14 18:00:48.197942,22
322,323,58.08,138.12,2025-07-19 18:00:48.197942,23
323,324,100.24,27.32,2025-08-08 18:00:48.197942,24
324,325,26.46,208.70,2025-08-11 18:00:48.197942,25
325,326,53.69,12.73,2025-07-29 18:00:48.197942,26
326,327,37.23,78.04,2025-07-17 18:00:48.197942,27
327,328,99.74,170.87,2025-08-28 18:00:48.197942,28
328,329,36.88,96.52,2025-08-09 18:00:48.197942,29
329,330,97.55,149.87,2025-08-06 18:00:48.197942,30
330,331,91.04,89.39,2025-08-04 18:00:48.197942,31
331,332,43.55,24.35,2025-07-27 18:00:48.197942,32
332,333,72.58,189.25,2025-07-15 18:00:48.197942,33
333,334,60.49,18.15,2025-07-19 18:00:48.197942,34
334,335,68.25,105.70,2025-08-28 18:00:48.197942,35
335,336,41.75,30.92,2025-07-19 18:00:48.197942,36
336,337,25.59,61.31,2025-08-31 18:00:48.197942,37
337,338,15.42,84.38,2025-07-26 18:00:48.197942,38
338,339,63.69,69.30,2025-07-23 18:00:48.197942,39
339,340,46.28,27.32,2025-08-17 18:00:48.197942,40
340,341,81.58,176.51,2025-08-17 18:00:48.197942,41
341,342,32.72,106.03,2025-07-28 18:00:48.197942,42
342,343,85.93,180.61,2025-07-11 18:00:48.197942,43
343,344,60.37,129.85,2025-07-10 18:00:48.197942,44
344,345,68.41,16.02,2025-08-24 18:00:48.197942,45
345,346,26.12,125.12,2025-08-15 18:00:48.197942,46
346,347,89.10,163.61,2025-08-25 18:00:48.197942,47
347,348,2.85,18.05,2025-08-07 18:00:48.197942,48
348,349,38.86,83.68,2025-07-12 18:00:48.197942,49
349,350,77.11,52.54,2025-08-02 18:00:48.197942,50
350,351,2.54,147.84,2025-08-20 18:00:48.197942,51
351,352,59.17,34.85,2025-07-10 18:00:48.197942,52
352,353,77.20,169.66,2025-09-02 18:00:48.197942,53
353,354,37.42,33.74,2025-08-22 18:00:48.197942,54
354,355,68.34,169.94,2025-07-20 18:00:48.197942,55
355,356,93.91,159.31,2025-07-13 18:00:48.197942,56
356,357,21.61,60.92,2025-07-11 18:00:48.197942,57
357,358,66.26,135.47,2025-07-15 18:00:48.197942,58
358,359,61.03,169.33,2025-07-28 18:00:48.197942,59
359,360,76.33,176.48,2025-08-05 18:00:48.197942,60
360,361,90.19,191.34,2025-09-06 18:00:48.197942,61
361,362,23.93,63.52,2025-08-17 18:00:48.197942,62
362,363,19.36,159.94,2025-09-07 18:00:48.197942,63
363,364,36.81,35.61,2025-08-03 18:00:48.197942,64
364,365,18.20,57.08,2025-07-26 18:00:48.197942,65
365,366,93.85,84.62,2025-08-11 18:00:48.197942,66
366,367,81.75,84.23,2025-09-05 18:00:48.197942,67
367,368,100.58,57.38,2025-08-01 18:00:48.197942,68
368,369,54.08,20.35,2025-07-29 18:00:48.197942,69
369,370,82.54,166.27,2025-07-10 18:00:48.197942,70
370,371,71.71,15.25,2025-08-17 18:00:48.197942,71
371,372,6.70,126.41,2025-09-01 18:00:48.197942,72
372,373,89.83,93.01,2025-07-26 18:00:48.197942,73
373,374,39.41,199.99,2025-07-27 18:00:48.197942,74
374,375,69.95,151.85,2025-07-12 18:00:48.197942,75
375,376,79.67,188.86,2025-07-18 18:00:48.197942,76
376,377,29.38,96.25,2025-09-06 18:00:48.197942,77
377,378,51.56,140.23,2025-07-09 18:00:48.197942,78
378,379,45.42,200.23,2025-08-19 18:00:48.197942,79
379,380,22.68,42.81,2025-08-24 18:00:48.197942,80
380,381,89.31,89.56,2025-08-21 18:00:48.197942,81
381,382,14.34,82.52,2025-09-02 18:00:48.197942,82
382,383,1.37,124.62,2025-08-30 18:00:48.197942,83
383,384,32.89,157.24,2025-09-02 18:00:48.197942,84
384,385,48.42,150.42,2025-09-05 18:00:48.197942,85
385,386,15.65,114.62,2025-07-23 18:00:48.197942,86
386,387,28.93,188.31,2025-08-25 18:00:48.197942,87
387,388,56.61,140.40,2025-08-29 18:00:48.197942,88
388,389,58.69,44.07,2025-08-29 18:00:48.197942,89
389,390,47.20,85.98,2025-08-12 18:00:48.197942,90
390,391,1.28,92.37,2025-07-20 18:00:48.197942,91
391,392,77.47,82.47,2025-08-28 18:00:48.197942,92
392,393,24.88,173.06,2025-07-14 18:00:48.197942,93
393,394,9.09,143.52,2025-07-22 18:00:48.197942,94
394,395,100.02,195.60,2025-08-15 18:00:48.197942,95
395,396,63.02,39.50,2025-08-01 18:00:48.197942,96
396,397,7.38,91.94,2025-07-23 18:00:48.197942,97
397,398,24.45,76.16,2025-08-27 18:00:48.197942,98
398,399,93.60,187.16,2025-07-23 18:00:48.197942,99
399,400,61.17,26.87,2025-07-23 18:00:48.197942,100
400,401,48.31,202.24,2025-07-22 18:00:48.197942,1
401,402,54.33,123.63,2025-08-15 18:00:48.197942,2
402,403,26.20,35.56,2025-07-12 18:00:48.197942,3
403,404,73.35,96.84,2025-07-18 18:00:48.197942,4
404,405,21.12,60.94,2025-07-22 18:00:48.197942,5
405,406,100.30,163.71,2025-08-15 18:00:48.197942,6
406,407,24.94,131.12,2025-07-22 18:00:48.197942,7
407,408,60.39,121.29,2025-08-05 18:00:48.197942,8
408,409,97.84,134.14,2025-08-01 18:00:48.197942,9
409,410,38.91,18.85,2025-07-16 18:00:48.197942,10
410,411,50.17,187.85,2025-08-15 18:00:48.197942,11
411,412,77.34,187.24,2025-07-15 18:00:48.197942,12
412,413,62.95,183.98,2025-08-19 18:00:48.197942,13
413,414,86.46,21.03,2025-08-28 18:00:48.197942,14
414,415,50.78,184.07,2025-08-27 18:00:48.197942,15
415,416,47.12,42.23,2025-08-02 18:00:48.197942,16
416,417,77.20,149.17,2025-09-03 18:00:48.197942,17
417,418,37.39,22.72,2025-08-13 18:00:48.197942,18
418,419,27.95,93.71,2025-08-28 18:00:48.197942,19
419,420,98.43,51.26,2025-08-02 18:00:48.197942,20
420,421,99.36,109.44,2025-08-07 18:00:48.197942,21
421,422,33.39,42.53,2025-08-14 18:00:48.197942,22
422,423,63.26,156.01,2025-07-19 18:00:48.197942,23
423,424,52.18,31.00,2025-08-21 18:00:48.197942,24
424,425,95.13,182.50,2025-07-22 18:00:48.197942,25
425,426,5.78,200.51,2025-09-01 18:00:48.197942,26
426,427,84.22,86.08,2025-09-02 18:00:48.197942,27
427,428,36.82,100.28,2025-08-16 18:00:48.197942,28
428,429,33.49,136.17,2025-07-31 18:00:48.197942,29
429,430,15.90,23.31,2025-07-31 18:00:48.197942,30
430,431,19.29,156.33,2025-08-12 18:00:48.197942,31
431,432,78.40,192.71,2025-08-31 18:00:48.197942,32
432,433,33.07,96.67,2025-07-16 18:00:48.197942,33
433,434,97.86,178.76,2025-08-28 18:00:48.197942,34
434,435,87.25,156.60,2025-07-26 18:00:48.197942,35
435,436,50.68,29.67,2025-08-19 18:00:48.197942,36
436,437,82.72,169.79,2025-07-11 18:00:48.197942,37
437,438,36.79,173.66,2025-08-02 18:00:48.197942,38
438,439,45.40,10.32,2025-08-19 18:00:48.197942,39
439,440,44.40,142.08,2025-08-10 18:00:48.197942,40
440,441,41.68,109.53,2025-08-21 18:00:48.197942,41
441,442,61.22,120.43,2025-07-20 18:00:48.197942,42
442,443,98.43,110.08,2025-08-28 18:00:48.197942,43
443,444,41.96,37.30,2025-08-04 18:00:48.197942,44
444,445,69.72,173.60,2025-08-17 18:00:48.197942,45
445,446,61.18,71.29,2025-07-24 18:00:48.197942,46
446,447,92.04,104.63,2025-08-22 18:00:48.197942,47
447,448,90.36,59.50,2025-08-15 18:00:48.197942,48
448,449,31.09,206.26,2025-08-15 18:00:48.197942,49
449,450,33.66,178.41,2025-08-22 18:00:48.197942,50
450,451,19.33,156.12,2025-08-21 18:00:48.197942,51
451,452,25.23,94.95,2025-08-31 18:00:48.197942,52
452,453,69.20,118.41,2025-07-16 18:00:48.197942,53
453,454,97.65,53.63,2025-08-07 18:00:48.197942,54
454,455,40.40,147.84,2025-07-25 18:00:48.197942,55
455,456,50.99,63.80,2025-08-12 18:00:48.197942,56
456,457,44.61,39.17,2025-08-25 18:00:48.197942,57
457,458,1.93,17.62,2025-07-24 18:00:48.197942,58
458,459,78.51,151.52,2025-08-15 18:00:48.197942,59
459,460,11.39,149.97,2025-08-26 18:00:48.197942,60
460,461,24.98,169.21,2025-08-24 18:00:48.197942,61
461,462,11.45,161.85,2025-07-30 18:00:48.197942,62
462,463,66.70,51.51,2025-08-27 18:00:48.197942,63
463,464,82.81,137.05,2025-08-18 18:00:48.197942,64
464,465,34.68,117.62,2025-07-24 18:00:48.197942,65
465,466,40.20,123.68,2025-08-08 18:00:48.197942,66
466,467,46.04,83.00,2025-07-22 18:00:48.197942,67
467,468,92.66,25.53,2025-07-16 18:00:48.197942,68
468,469,82.23,37.37,2025-07-31 18:00:48.197942,69
469,470,67.63,11.73,2025-07-22 18:00:48.197942,70
470,471,19.98,60.95,2025-07-17 18:00:48.197942,71
471,472,15.58,80.13,2025-09-05 18:00:48.197942,72
472,473,70.15,83.35,2025-08-31 18:00:48.197942,73
473,474,44.16,42.11,2025-08-15 18:00:48.197942,74
474,475,69.54,60.25,2025-08-09 18:00:48.197942,75
475,476,45.43,69.34,2025-08-30 18:00:48.197942,76
476,477,35.53,209.65,2025-08-12 18:00:48.197942,77
477,478,46.54,83.11,2025-08-24 18:00:48.197942,78
478,479,84.49,201.32,2025-07-10 18:00:48.197942,79
479,480,64.49,148.76,2025-07-14 18:00:48.197942,80
480,481,75.98,154.51,2025-08-13 18:00:48.197942,81
481,482,93.31,57.47,2025-08-02 18:00:48.197942,82
482,483,42.37,14.91,2025-09-01 18:00:48.197942,83
483,484,11.44,30.26,2025-07-19 18:00:48.197942,84
484,485,9.44,163.17,2025-08-17 18:00:48.197942,85
485,486,85.44,119.86,2025-08-05 18:00:48.197942,86
486,487,84.09,79.07,2025-08-18 18:00:48.197942,87
487,488,96.98,54.18,2025-08-07 18:00:48.197942,88
488,489,96.77,84.89,2025-08-13 18:00:48.197942,89
489,490,71.11,93.47,2025-09-05 18:00:48.197942,90
490,491,78.16,111.86,2025-07-09 18:00:48.197942,91
491,492,27.68,176.43,2025-08-13 18:00:48.197942,92
492,493,54.55,102.96,2025-07-29 18:00:48.197942,93
493,494,65.39,173.09,2025-07-11 18:00:48.197942,94
494,495,34.56,76.24,2025-08-29 18:00:48.197942,95
495,496,4.68,86.04,2025-07-20 18:00:48.197942,96
496,497,57.27,72.93,2025-07-18 18:00:48.197942,97
497,498,45.52,80.04,2025-07-11 18:00:48.197942,98
498,499,91.53,201.90,2025-07-17 18:00:48.197942,99
499,500,62.71,64.73,2025-09-02 18:00:48.197942,100
500,1,66.21,61.71,2025-08-31 18:00:48.197942,1
501,2,14.76,176.92,2025-08-24 18:00:48.197942,2
502,3,96.17,193.89,2025-08-23 18:00:48.197942,3
503,4,25.28,128.21,2025-08-11 18:00:48.197942,4
504,5,48.11,16.11,2025-08-20 18:00:48.197942,5
505,6,58.73,74.12,2025-07-19 18:00:48.197942,6
506,7,29.25,70.20,2025-08-06 18:00:48.197942,7
507,8,22.91,169.97,2025-07-14 18:00:48.197942,8
508,9,21.20,92.80,2025-07-25 18:00:48.197942,9
509,10,40.46,131.25,2025-08-30 18:00:48.197942,10
510,11,19.61,134.17,2025-07-27 18:00:48.197942,11
511,12,93.36,205.96,2025-08-06 18:00:48.197942,12
512,13,91.92,38.34,2025-07-30 18:00:48.197942,13
513,14,3.66,125.62,2025-07-19 18:00:48.197942,14
514,15,11.54,163.03,2025-08-21 18:00:48.197942,15
515,16,6.19,19.24,2025-08-18 18:00:48.197942,16
516,17,5.82,155.00,2025-08-29 18:00:48.197942,17
517,18,36.37,150.88,2025-08-23 18:00:48.197942,18
518,19,43.96,92.33,2025-07-26 18:00:48.197942,19
519,20,70.97,86.63,2025-08-12 18:00:48.197942,20
520,21,23.50,14.96,2025-08-11 18:00:48.197942,21
521,22,31.06,169.14,2025-07-12 18:00:48.197942,22
522,23,100.53,151.89,2025-08-18 18:00:48.197942,23
523,24,40.84,100.68,2025-08-26 18:00:48.197942,24
524,25,1.34,72.23,2025-08-28 18:00:48.197942,25
525,26,37.54,156.04,2025-07-27 18:00:48.197942,26
526,27,15.83,182.90,2025-07-27 18:00:48.197942,27
527,28,71.75,200.62,2025-08-24 18:00:48.197942,28
528,29,64.23,170.17,2025-09-02 18:00:48.197942,29
529,30,27.10,130.78,2025-08-11 18:00:48.197942,30
530,31,91.85,173.97,2025-08-03 18:00:48.197942,31
531,32,42.21,61.20,2025-08-18 18:00:48.197942,32
532,33,12.16,130.47,2025-09-07 18:00:48.197942,33
533,34,20.22,36.17,2025-07-21 18:00:48.197942,34
534,35,96.66,135.42,2025-08-25 18:00:48.197942,35
535,36,45.52,12.27,2025-07-13 18:00:48.197942,36
536,37,57.82,20.66,2025-08-02 18:00:48.197942,37
537,38,19.67,177.09,2025-07-10 18:00:48.197942,38
538,39,15.58,20.03,2025-07-27 18:00:48.197942,39
539,40,97.63,113.08,2025-08-30 18:00:48.197942,40
540,41,97.33,136.87,2025-08-21 18:00:48.197942,41
541,42,46.38,160.10,2025-08-27 18:00:48.197942,42
542,43,82.08,122.66,2025-07-21 18:00:48.197942,43
543,44,16.06,108.08,2025-08-07 18:00:48.197942,44
544,45,4.95,141.73,2025-07-16 18:00:48.197942,45
545,46,54.94,101.13,2025-08-27 18:00:48.197942,46
546,47,25.12,64.12,2025-07-29 18:00:48.197942,47
547,48,31.51,208.02,2025-07-13 18:00:48.197942,48
548,49,20.10,122.86,2025-08-20 18:00:48.197942,49
549,50,63.87,41.47,2025-08-10 18:00:48.197942,50
550,51,39.83,142.10,2025-08-13 18:00:48.197942,51
551,52,47.63,45.28,2025-08-05 18:00:48.197942,52
552,53,14.82,26.18,2025-07-18 18:00:48.197942,53
553,54,60.61,25.17,2025-08-15 18:00:48.197942,54
554,55,53.00,94.66,2025-08-19 18:00:48.197942,55
555,56,26.87,183.18,2025-08-31 18:00:48.197942,56
556,57,14.70,93.66,2025-07-25 18:00:48.197942,57
557,58,88.67,111.70,2025-09-06 18:00:48.197942,58
558,59,91.25,206.41,2025-09-06 18:00:48.197942,59
559,60,13.59,205.77,2025-09-01 18:00:48.197942,60
560,61,30.76,96.19,2025-07-14 18:00:48.197942,61
561,62,99.78,28.87,2025-07-23 18:00:48.197942,62
562,63,5.42,108.75,2025-08-20 18:00:48.197942,63
563,64,31.76,18.33,2025-09-03 18:00:48.197942,64
564,65,49.30,134.73,2025-08-26 18:00:48.197942,65
565,66,74.78,13.27,2025-08-07 18:00:48.197942,66
566,67,84.65,151.99,2025-07-25 18:00:48.197942,67
567,68,87.69,16.42,2025-08-06 18:00:48.197942,68
568,69,93.16,198.36,2025-08-15 18:00:48.197942,69
569,70,15.71,29.42,2025-07-14 18:00:48.197942,70
570,71,40.04,147.97,2025-07-24 18:00:48.197942,71
571,72,92.48,169.47,2025-09-02 18:00:48.197942,72
572,73,18.35,173.83,2025-07-09 18:00:48.197942,73
573,74,82.25,86.42,2025-07-12 18:00:48.197942,74
574,75,87.44,98.03,2025-08-18 18:00:48.197942,75
575,76,31.49,180.09,2025-08-05 18:00:48.197942,76
576,77,71.17,160.14,2025-07-18 18:00:48.197942,77
577,78,18.45,89.94,2025-08-09 18:00:48.197942,78
578,79,15.79,131.60,2025-08-28 18:00:48.197942,79
579,80,46.74,141.06,2025-07-19 18:00:48.197942,80
580,81,51.39,76.02,2025-09-06 18:00:48.197942,81
581,82,42.28,43.79,2025-08-05 18:00:48.197942,82
582,83,61.43,153.94,2025-08-31 18:00:48.197942,83
583,84,33.40,173.80,2025-07-22 18:00:48.197942,84
584,85,43.71,205.09,2025-08-14 18:00:48.197942,85
585,86,13.27,74.43,2025-08-15 18:00:48.197942,86
586,87,68.25,99.54,2025-08-22 18:00:48.197942,87
587,88,55.16,182.35,2025-08-18 18:00:48.197942,88
588,89,99.81,87.26,2025-07-19 18:00:48.197942,89
589,90,2.88,28.60,2025-07-18 18:00:48.197942,90
590,91,31.06,188.66,2025-08-02 18:00:48.197942,91
591,92,28.48,99.92,2025-07-27 18:00:48.197942,92
592,93,44.58,58.44,2025-07-26 18:00:48.197942,93
593,94,60.86,12.61,2025-07-10 18:00:48.197942,94
594,95,37.95,161.09,2025-08-01 18:00:48.197942,95
595,96,64.98,132.64,2025-08-18 18:00:48.197942,96
596,97,19.84,62.99,2025-09-04 18:00:48.197942,97
597,98,76.66,96.48,2025-08-10 18:00:48.197942,98
598,99,2.33,201.83,2025-08-21 18:00:48.197942,99
599,100,64.02,101.26,2025-08-05 18:00:48.197942,100
600,101,88.30,174.42,2025-08-22 18:00:48.197942,1
601,102,14.28,103.30,2025-08-16 18:00:48.197942,2
602,103,39.69,179.50,2025-07-28 18:00:48.197942,3
603,104,4.49,89.29,2025-08-07 18:00:48.197942,4
604,105,26.27,194.87,2025-08-26 18:00:48.197942,5
605,106,79.69,22.05,2025-08-26 18:00:48.197942,6
606,107,35.85,64.71,2025-08-28 18:00:48.197942,7
607,108,11.29,122.07,2025-08-22 18:00:48.197942,8
608,109,5.52,41.67,2025-08-17 18:00:48.197942,9
609,110,58.08,88.18,2025-08-29 18:00:48.197942,10
610,111,60.35,15.93,2025-08-04 18:00:48.197942,11
611,112,46.08,156.33,2025-08-23 18:00:48.197942,12
612,113,99.75,123.25,2025-07-21 18:00:48.197942,13
613,114,79.83,81.05,2025-08-02 18:00:48.197942,14
614,115,11.90,166.88,2025-08-19 18:00:48.197942,15
615,116,66.76,162.58,2025-08-25 18:00:48.197942,16
616,117,45.24,201.08,2025-08-21 18:00:48.197942,17
617,118,41.02,130.02,2025-08-05 18:00:48.197942,18
618,119,60.12,103.78,2025-08-10 18:00:48.197942,19
619,120,25.57,207.44,2025-08-12 18:00:48.197942,20
620,121,13.15,175.10,2025-08-12 18:00:48.197942,21
621,122,54.87,20.62,2025-07-12 18:00:48.197942,22
622,123,45.25,81.03,2025-08-01 18:00:48.197942,23
623,124,22.38,209.34,2025-09-02 18:00:48.197942,24
624,125,83.16,119.31,2025-07-10 18:00:48.197942,25
625,126,20.19,128.86,2025-08-25 18:00:48.197942,26
626,127,40.42,78.34,2025-09-01 18:00:48.197942,27
627,128,56.38,27.82,2025-07-21 18:00:48.197942,28
628,129,74.80,96.00,2025-07-10 18:00:48.197942,29
629,130,75.72,121.07,2025-07-23 18:00:48.197942,30
630,131,78.13,103.16,2025-07-22 18:00:48.197942,31
631,132,98.26,166.54,2025-09-01 18:00:48.197942,32
632,133,50.15,54.75,2025-07-26 18:00:48.197942,33
633,134,76.22,142.75,2025-08-21 18:00:48.197942,34
634,135,8.42,45.38,2025-08-19 18:00:48.197942,35
635,136,87.03,111.39,2025-08-02 18:00:48.197942,36
636,137,6.30,120.99,2025-09-05 18:00:48.197942,37
637,138,65.96,166.87,2025-08-08 18:00:48.197942,38
638,139,17.04,187.53,2025-07-11 18:00:48.197942,39
639,140,90.90,20.21,2025-08-09 18:00:48.197942,40
640,141,89.30,57.74,2025-08-14 18:00:48.197942,41
641,142,10.50,96.59,2025-09-04 18:00:48.197942,42
642,143,19.76,27.06,2025-07-13 18:00:48.197942,43
643,144,24.83,77.42,2025-08-17 18:00:48.197942,44
644,145,30.36,205.43,2025-07-19 18:00:48.197942,45
645,146,48.26,129.07,2025-08-02 18:00:48.197942,46
646,147,98.66,180.15,2025-09-03 18:00:48.197942,47
647,148,95.30,47.48,2025-08-07 18:00:48.197942,48
648,149,76.05,54.26,2025-09-01 18:00:48.197942,49
649,150,55.30,120.87,2025-09-01 18:00:48.197942,50
650,151,16.76,144.73,2025-08-25 18:00:48.197942,51
651,152,11.15,178.00,2025-07-30 18:00:48.197942,52
652,153,32.01,209.99,2025-07-26 18:00:48.197942,53
653,154,66.37,39.75,2025-08-30 18:00:48.197942,54
654,155,50.79,132.97,2025-07-16 18:00:48.197942,55
655,156,9.13,153.16,2025-09-02 18:00:48.197942,56
656,157,46.42,56.13,2025-08-27 18:00:48.197942,57
657,158,10.38,10.95,2025-07-29 18:00:48.197942,58
658,159,1.99,182.14,2025-08-19 18:00:48.197942,59
659,160,2.73,108.27,2025-07-11 18:00:48.197942,60
660,161,70.31,131.60,2025-08-17 18:00:48.197942,61
661,162,81.19,205.43,2025-07-31 18:00:48.197942,62
662,163,28.33,197.04,2025-07-25 18:00:48.197942,63
663,164,90.50,46.23,2025-07-27 18:00:48.197942,64
664,165,19.83,98.38,2025-09-02 18:00:48.197942,65
665,166,84.09,154.70,2025-07-27 18:00:48.197942,66
666,167,70.45,12.61,2025-08-10 18:00:48.197942,67
667,168,6.33,60.03,2025-09-02 18:00:48.197942,68
668,169,50.75,199.70,2025-08-26 18:00:48.197942,69
669,170,4.62,139.32,2025-08-04 18:00:48.197942,70
670,171,50.72,158.87,2025-08-17 18:00:48.197942,71
671,172,9.67,110.85,2025-08-10 18:00:48.197942,72
672,173,81.02,79.61,2025-07-30 18:00:48.197942,73
673,174,95.96,182.95,2025-07-28 18:00:48.197942,74
674,175,85.94,159.81,2025-07-16 18:00:48.197942,75
675,176,31.65,55.16,2025-07-14 18:00:48.197942,76
676,177,66.53,56.27,2025-07-14 18:00:48.197942,77
677,178,41.57,193.63,2025-08-24 18:00:48.197942,78
678,179,86.28,61.31,2025-08-10 18:00:48.197942,79
679,180,2.52,80.82,2025-08-12 18:00:48.197942,80
680,181,4.54,188.78,2025-08-14 18:00:48.197942,81
681,182,14.12,125.59,2025-09-04 18:00:48.197942,82
682,183,90.12,140.68,2025-09-03 18:00:48.197942,83
683,184,7.09,129.24,2025-07-26 18:00:48.197942,84
684,185,18.43,70.58,2025-08-14 18:00:48.197942,85
685,186,16.00,169.03,2025-08-12 18:00:48.197942,86
686,187,32.72,164.84,2025-08-22 18:00:48.197942,87
687,188,86.72,163.37,2025-07-17 18:00:48.197942,88
688,189,50.01,178.72,2025-08-25 18:00:48.197942,89
689,190,54.61,149.14,2025-08-17 18:00:48.197942,90
690,191,70.60,14.87,2025-08-06 18:00:48.197942,91
691,192,27.47,144.75,2025-08-04 18:00:48.197942,92
692,193,32.52,134.08,2025-07-21 18:00:48.197942,93
693,194,19.00,174.25,2025-07-31 18:00:48.197942,94
694,195,97.68,111.89,2025-08-01 18:00:48.197942,95
695,196,85.85,186.89,2025-07-20 18:00:48.197942,96
696,197,29.12,176.16,2025-07-28 18:00:48.197942,97
697,198,49.88,163.69,2025-09-07 18:00:48.197942,98
698,199,57.88,24.66,2025-07-31 18:00:48.197942,99
699,200,56.89,52.35,2025-08-06 18:00:48.197942,100
700,201,28.78,43.60,2025-08-02 18:00:48.197942,1
701,202,82.82,123.36,2025-08-18 18:00:48.197942,2
702,203,88.51,13.65,2025-08-19 18:00:48.197942,3
703,204,48.29,93.15,2025-08-02 18:00:48.197942,4
704,205,14.49,68.45,2025-09-06 18:00:48.197942,5
705,206,53.02,190.20,2025-08-18 18:00:48.197942,6
706,207,47.13,24.34,2025-09-04 18:00:48.197942,7
707,208,18.97,177.75,2025-08-17 18:00:48.197942,8
708,209,89.48,52.03,2025-08-25 18:00:48.197942,9
709,210,90.90,128.23,2025-08-13 18:00:48.197942,10
710,211,92.59,115.32,2025-07-13 18:00:48.197942,11
711,212,28.17,101.43,2025-08-11 18:00:48.197942,12
712,213,65.37,32.67,2025-08-22 18:00:48.197942,13
713,214,62.86,45.53,2025-07-16 18:00:48.197942,14
714,215,53.91,60.28,2025-07-10 18:00:48.197942,15
715,216,67.28,112.01,2025-07-18 18:00:48.197942,16
716,217,48.37,134.78,2025-08-29 18:00:48.197942,17
717,218,57.41,196.19,2025-08-28 18:00:48.197942,18
718,219,18.24,188.88,2025-08-20 18:00:48.197942,19
719,220,97.58,71.29,2025-08-28 18:00:48.197942,20
720,221,10.81,21.51,2025-07-26 18:00:48.197942,21
721,222,47.71,110.20,2025-08-30 18:00:48.197942,22
722,223,55.49,83.04,2025-07-16 18:00:48.197942,23
723,224,45.47,22.77,2025-07-21 18:00:48.197942,24
724,225,63.99,81.81,2025-07-28 18:00:48.197942,25
725,226,77.44,152.39,2025-07-14 18:00:48.197942,26
726,227,44.32,74.51,2025-08-30 18:00:48.197942,27
727,228,57.57,101.64,2025-08-15 18:00:48.197942,28
728,229,81.95,168.23,2025-07-30 18:00:48.197942,29
729,230,59.63,72.46,2025-07-17 18:00:48.197942,30
730,231,52.99,194.74,2025-08-21 18:00:48.197942,31
731,232,9.18,13.59,2025-08-04 18:00:48.197942,32
732,233,10.13,173.28,2025-08-29 18:00:48.197942,33
733,234,64.82,204.68,2025-08-02 18:00:48.197942,34
734,235,11.18,150.65,2025-08-29 18:00:48.197942,35
735,236,11.58,85.09,2025-08-11 18:00:48.197942,36
736,237,87.05,158.78,2025-08-08 18:00:48.197942,37
737,238,37.91,94.27,2025-08-27 18:00:48.197942,38
738,239,38.98,186.51,2025-08-18 18:00:48.197942,39
739,240,82.89,112.77,2025-08-07 18:00:48.197942,40
740,241,89.72,200.99,2025-07-13 18:00:48.197942,41
741,242,87.66,89.37,2025-08-21 18:00:48.197942,42
742,243,75.39,184.30,2025-08-07 18:00:48.197942,43
743,244,86.68,18.20,2025-07-16 18:00:48.197942,44
744,245,46.08,123.76,2025-08-16 18:00:48.197942,45
745,246,78.13,154.71,2025-07-21 18:00:48.197942,46
746,247,85.22,44.09,2025-08-30 18:00:48.197942,47
747,248,36.76,118.16,2025-09-07 18:00:48.197942,48
748,249,58.91,147.33,2025-08-25 18:00:48.197942,49
749,250,88.41,204.16,2025-07-20 18:00:48.197942,50
750,251,13.00,25.66,2025-08-29 18:00:48.197942,51
751,252,70.85,32.43,2025-07-15 18:00:48.197942,52
752,253,15.81,26.02,2025-07-11 18:00:48.197942,53
753,254,11.67,49.31,2025-08-12 18:00:48.197942,54
754,255,31.76,95.85,2025-08-06 18:00:48.197942,55
755,256,70.43,109.90,2025-08-05 18:00:48.197942,56
756,257,49.49,136.83,2025-07-13 18:00:48.197942,57
757,258,40.17,16.29,2025-07-11 18:00:48.197942,58
758,259,31.95,126.63,2025-08-30 18:00:48.197942,59
759,260,70.66,40.40,2025-07-23 18:00:48.197942,60
760,261,5.00,76.46,2025-09-02 18:00:48.197942,61
761,262,72.31,91.91,2025-08-19 18:00:48.197942,62
762,263,91.39,83.04,2025-07-12 18:00:48.197942,63
763,264,95.63,129.42,2025-07-30 18:00:48.197942,64
764,265,28.84,63.25,2025-08-03 18:00:48.197942,65
765,266,54.82,88.11,2025-08-13 18:00:48.197942,66
766,267,8.39,42.56,2025-08-01 18:00:48.197942,67
767,268,89.66,194.92,2025-08-01 18:00:48.197942,68
768,269,85.36,43.65,2025-08-11 18:00:48.197942,69
769,270,29.74,65.26,2025-08-03 18:00:48.197942,70
770,271,23.56,185.40,2025-08-30 18:00:48.197942,71
771,272,100.44,48.28,2025-07-19 18:00:48.197942,72
772,273,95.74,133.06,2025-07-17 18:00:48.197942,73
773,274,31.31,128.14,2025-09-01 18:00:48.197942,74
774,275,88.77,85.59,2025-08-05 18:00:48.197942,75
775,276,71.92,34.52,2025-08-28 18:00:48.197942,76
776,277,37.99,201.68,2025-08-18 18:00:48.197942,77
777,278,96.65,38.19,2025-08-12 18:00:48.197942,78
778,279,61.31,155.57,2025-07-14 18:00:48.197942,79
779,280,34.01,10.48,2025-07-10 18:00:48.197942,80
780,281,64.63,94.77,2025-09-07 18:00:48.197942,81
781,282,82.04,75.43,2025-07-31 18:00:48.197942,82
782,283,78.37,98.36,2025-08-31 18:00:48.197942,83
783,284,68.97,133.67,2025-07-20 18:00:48.197942,84
784,285,76.65,206.46,2025-08-29 18:00:48.197942,85
785,286,69.09,147.60,2025-08-11 18:00:48.197942,86
786,287,78.11,54.76,2025-07-14 18:00:48.197942,87
787,288,82.14,148.08,2025-08-30 18:00:48.197942,88
788,289,68.89,38.25,2025-08-10 18:00:48.197942,89
789,290,35.49,92.41,2025-08-07 18:00:48.197942,90
790,291,59.70,74.51,2025-08-05 18:00:48.197942,91
791,292,93.94,46.61,2025-07-24 18:00:48.197942,92
792,293,56.52,142.42,2025-08-24 18:00:48.197942,93
793,294,60.35,36.17,2025-09-06 18:00:48.197942,94
794,295,96.85,10.90,2025-09-01 18:00:48.197942,95
795,296,82.37,102.84,2025-09-06 18:00:48.197942,96
796,297,90.63,60.30,2025-09-04 18:00:48.197942,97
797,298,28.02,205.42,2025-08-24 18:00:48.197942,98
798,299,88.79,57.36,2025-08-31 18:00:48.197942,99
799,300,94.41,165.91,2025-07-29 18:00:48.197942,100
800,301,74.64,23.74,2025-08-26 18:00:48.197942,1
801,302,55.02,47.22,2025-07-23 18:00:48.197942,2
802,303,27.11,117.88,2025-07-18 18:00:48.197942,3
803,304,52.18,199.51,2025-09-07 18:00:48.197942,4
804,305,6.23,71.18,2025-07-15 18:00:48.197942,5
805,306,94.11,187.21,2025-07-29 18:00:48.197942,6
806,307,67.18,69.31,2025-08-04 18:00:48.197942,7
807,308,54.23,186.16,2025-09-07 18:00:48.197942,8
808,309,66.86,186.53,2025-08-19 18:00:48.197942,9
809,310,8.50,50.59,2025-08-21 18:00:48.197942,10
810,311,97.38,33.18,2025-07-23 18:00:48.197942,11
811,312,56.11,104.85,2025-08-16 18:00:48.197942,12
812,313,16.61,17.89,2025-08-12 18:00:48.197942,13
813,314,98.35,46.29,2025-09-05 18:00:48.197942,14
814,315,58.09,42.36,2025-07-16 18:00:48.197942,15
815,316,31.48,46.88,2025-08-28 18:00:48.197942,16
816,317,51.87,54.65,2025-07-17 18:00:48.197942,17
817,318,76.48,12.86,2025-07-11 18:00:48.197942,18
818,319,39.09,189.57,2025-07-25 18:00:48.197942,19
819,320,86.17,22.94,2025-07-11 18:00:48.197942,20
820,321,93.08,141.56,2025-07-11 18:00:48.197942,21
821,322,53.71,54.97,2025-08-30 18:00:48.197942,22
822,323,4.56,64.67,2025-08-29 18:00:48.197942,23
823,324,93.38,102.88,2025-08-15 18:00:48.197942,24
824,325,32.52,123.72,2025-08-01 18:00:48.197942,25
825,326,87.63,54.98,2025-07-27 18:00:48.197942,26
826,327,27.21,44.62,2025-08-16 18:00:48.197942,27
827,328,9.98,17.73,2025-08-26 18:00:48.197942,28
828,329,36.76,24.52,2025-07-31 18:00:48.197942,29
829,330,86.89,158.47,2025-07-27 18:00:48.197942,30
830,331,49.53,131.88,2025-08-28 18:00:48.197942,31
831,332,9.73,164.66,2025-08-08 18:00:48.197942,32
832,333,58.40,84.19,2025-08-31 18:00:48.197942,33
833,334,43.85,42.30,2025-09-04 18:00:48.197942,34
834,335,20.35,126.96,2025-08-10 18:00:48.197942,35
835,336,63.87,109.47,2025-08-18 18:00:48.197942,36
836,337,74.36,126.77,2025-08-10 18:00:48.197942,37
837,338,27.96,121.22,2025-08-03 18:00:48.197942,38
838,339,2.03,70.61,2025-08-14 18:00:48.197942,39
839,340,65.16,68.38,2025-07-25 18:00:48.197942,40
840,341,55.45,49.89,2025-08-01 18:00:48.197942,41
841,342,99.07,120.01,2025-09-06 18:00:48.197942,42
842,343,95.65,25.41,2025-08-20 18:00:48.197942,43
843,344,90.00,178.61,2025-07-26 18:00:48.197942,44
844,345,4.44,89.58,2025-07-13 18:00:48.197942,45
845,346,27.70,121.17,2025-07-19 18:00:48.197942,46
846,347,63.90,30.60,2025-07-14 18:00:48.197942,47
847,348,71.89,78.12,2025-07-30 18:00:48.197942,48
848,349,97.47,118.77,2025-07-18 18:00:48.197942,49
849,350,99.85,35.68,2025-08-07 18:00:48.197942,50
850,351,73.49,175.58,2025-08-31 18:00:48.197942,51
851,352,39.44,112.70,2025-08-23 18:00:48.197942,52
852,353,87.41,181.84,2025-08-27 18:00:48.197942,53
853,354,88.09,66.70,2025-08-22 18:00:48.197942,54
854,355,8.99,128.81,2025-08-12 18:00:48.197942,55
855,356,50.40,179.80,2025-07-10 18:00:48.197942,56
856,357,67.29,64.73,2025-08-15 18:00:48.197942,57
857,358,88.75,123.25,2025-08-18 18:00:48.197942,58
858,359,28.44,91.47,2025-07-25 18:00:48.197942,59
859,360,7.50,159.67,2025-07-12 18:00:48.197942,60
860,361,27.11,100.71,2025-07-27 18:00:48.197942,61
861,362,53.15,191.19,2025-09-05 18:00:48.197942,62
862,363,62.77,41.72,2025-07-10 18:00:48.197942,63
863,364,86.67,119.19,2025-08-17 18:00:48.197942,64
864,365,39.81,148.62,2025-08-14 18:00:48.197942,65
865,366,68.57,157.65,2025-09-06 18:00:48.197942,66
866,367,70.47,59.79,2025-08-13 18:00:48.197942,67
867,368,89.83,122.51,2025-08-12 18:00:48.197942,68
868,369,97.00,185.87,2025-08-09 18:00:48.197942,69
869,370,5.60,27.53,2025-07-14 18:00:48.197942,70
870,371,78.55,33.24,2025-07-20 18:00:48.197942,71
871,372,31.49,82.82,2025-08-14 18:00:48.197942,72
872,373,95.22,90.50,2025-07-17 18:00:48.197942,73
873,374,50.85,134.28,2025-07-17 18:00:48.197942,74
874,375,48.09,42.87,2025-09-04 18:00:48.197942,75
875,376,55.02,10.76,2025-08-10 18:00:48.197942,76
876,377,10.70,13.84,2025-07-18 18:00:48.197942,77
877,378,36.73,199.78,2025-07-26 18:00:48.197942,78
878,379,41.61,99.66,2025-07-31 18:00:48.197942,79
879,380,17.93,138.97,2025-07-24 18:00:48.197942,80
880,381,57.28,61.48,2025-08-30 18:00:48.197942,81
881,382,26.61,190.94,2025-08-21 18:00:48.197942,82
882,383,35.43,135.09,2025-09-05 18:00:48.197942,83
883,384,80.23,141.98,2025-08-13 18:00:48.197942,84
884,385,11.66,168.04,2025-08-25 18:00:48.197942,85
885,386,10.23,184.30,2025-07-15 18:00:48.197942,86
886,387,76.68,109.19,2025-09-01 18:00:48.197942,87
887,388,8.78,199.89,2025-08-12 18:00:48.197942,88
888,389,86.06,165.92,2025-08-19 18:00:48.197942,89
889,390,3.68,59.14,2025-07-29 18:00:48.197942,90
890,391,72.33,174.22,2025-08-07 18:00:48.197942,91
891,392,22.17,22.92,2025-07-09 18:00:48.197942,92
892,393,23.32,187.85,2025-08-26 18:00:48.197942,93
893,394,90.14,34.25,2025-07-29 18:00:48.197942,94
894,395,7.02,183.16,2025-08-11 18:00:48.197942,95
895,396,45.21,133.12,2025-08-23 18:00:48.197942,96
896,397,12.10,167.66,2025-08-16 18:00:48.197942,97
897,398,53.36,19.29,2025-07-10 18:00:48.197942,98
898,399,60.43,108.97,2025-07-31 18:00:48.197942,99
899,400,70.83,69.83,2025-08-19 18:00:48.197942,100
900,401,15.50,132.88,2025-09-06 18:00:48.197942,1
901,402,61.56,24.65,2025-09-06 18:00:48.197942,2
902,403,55.80,109.74,2025-07-18 18:00:48.197942,3
903,404,70.37,129.83,2025-08-10 18:00:48.197942,4
904,405,29.78,157.70,2025-07-10 18:00:48.197942,5
905,406,33.01,82.12,2025-09-01 18:00:48.197942,6
906,407,75.90,53.74,2025-08-05 18:00:48.197942,7
907,408,92.00,198.35,2025-09-01 18:00:48.197942,8
908,409,24.22,204.56,2025-08-31 18:00:48.197942,9
909,410,51.65,115.91,2025-08-18 18:00:48.197942,10
910,411,75.56,171.35,2025-08-31 18:00:48.197942,11
911,412,9.71,83.21,2025-08-21 18:00:48.197942,12
912,413,26.16,32.93,2025-09-03 18:00:48.197942,13
913,414,75.72,191.68,2025-08-03 18:00:48.197942,14
914,415,99.54,172.36,2025-08-10 18:00:48.197942,15
915,416,98.53,109.82,2025-08-13 18:00:48.197942,16
916,417,64.14,23.64,2025-08-01 18:00:48.197942,17
917,418,22.38,163.13,2025-07-25 18:00:48.197942,18
918,419,20.30,190.21,2025-07-19 18:00:48.197942,19
919,420,77.30,107.13,2025-07-11 18:00:48.197942,20
920,421,79.56,31.42,2025-07-20 18:00:48.197942,21
921,422,73.30,92.49,2025-08-14 18:00:48.197942,22
922,423,94.54,142.65,2025-08-04 18:00:48.197942,23
923,424,23.18,53.52,2025-08-13 18:00:48.197942,24
924,425,40.71,109.37,2025-08-20 18:00:48.197942,25
925,426,66.91,114.54,2025-07-18 18:00:48.197942,26
926,427,28.44,180.58,2025-07-24 18:00:48.197942,27
927,428,33.13,156.25,2025-08-30 18:00:48.197942,28
928,429,68.74,149.92,2025-09-02 18:00:48.197942,29
929,430,66.84,123.94,2025-08-06 18:00:48.197942,30
930,431,19.11,20.10,2025-08-03 18:00:48.197942,31
931,432,3.86,21.27,2025-09-04 18:00:48.197942,32
932,433,100.16,175.16,2025-08-18 18:00:48.197942,33
933,434,61.35,21.79,2025-07-26 18:00:48.197942,34
934,435,89.86,17.07,2025-08-28 18:00:48.197942,35
935,436,65.82,93.80,2025-08-19 18:00:48.197942,36
936,437,17.39,139.47,2025-08-10 18:00:48.197942,37
937,438,34.76,173.67,2025-09-04 18:00:48.197942,38
938,439,72.37,16.64,2025-07-19 18:00:48.197942,39
939,440,53.00,55.08,2025-08-15 18:00:48.197942,40
940,441,7.80,106.41,2025-08-04 18:00:48.197942,41
941,442,68.05,169.91,2025-08-11 18:00:48.197942,42
942,443,78.89,122.99,2025-08-30 18:00:48.197942,43
943,444,53.67,67.76,2025-08-12 18:00:48.197942,44
944,445,92.11,107.11,2025-08-13 18:00:48.197942,45
945,446,19.34,87.29,2025-09-05 18:00:48.197942,46
946,447,90.84,93.46,2025-08-12 18:00:48.197942,47
947,448,61.48,121.34,2025-08-20 18:00:48.197942,48
948,449,78.13,166.37,2025-08-03 18:00:48.197942,49
949,450,91.20,25.45,2025-07-30 18:00:48.197942,50
950,451,7.04,20.72,2025-07-26 18:00:48.197942,51
951,452,93.21,153.26,2025-07-30 18:00:48.197942,52
952,453,98.03,54.27,2025-07-30 18:00:48.197942,53
953,454,77.62,193.82,2025-08-08 18:00:48.197942,54
954,455,39.06,132.79,2025-07-15 18:00:48.197942,55
955,456,93.10,136.43,2025-07-24 18:00:48.197942,56
956,457,98.83,191.99,2025-09-01 18:00:48.197942,57
957,458,88.54,117.80,2025-08-20 18:00:48.197942,58
958,459,39.35,74.81,2025-07-13 18:00:48.197942,59
959,460,62.39,133.52,2025-07-26 18:00:48.197942,60
960,461,74.87,87.28,2025-08-04 18:00:48.197942,61
961,462,39.70,168.41,2025-08-01 18:00:48.197942,62
962,463,14.23,10.44,2025-09-01 18:00:48.197942,63
963,464,60.43,136.34,2025-09-02 18:00:48.197942,64
964,465,71.53,103.44,2025-08-01 18:00:48.197942,65
965,466,37.38,179.07,2025-08-01 18:00:48.197942,66
966,467,5.33,92.53,2025-07-23 18:00:48.197942,67
967,468,49.22,27.66,2025-08-04 18:00:48.197942,68
968,469,97.58,176.06,2025-09-02 18:00:48.197942,69
969,470,73.76,81.54,2025-09-06 18:00:48.197942,70
970,471,14.92,91.86,2025-08-30 18:00:48.197942,71
971,472,80.16,90.24,2025-08-10 18:00:48.197942,72
972,473,12.48,14.65,2025-08-08 18:00:48.197942,73
973,474,77.84,15.35,2025-07-31 18:00:48.197942,74
974,475,1.20,113.42,2025-07-14 18:00:48.197942,75
975,476,33.36,181.76,2025-07-16 18:00:48.197942,76
976,477,54.35,33.92,2025-07-14 18:00:48.197942,77
977,478,19.91,72.19,2025-09-01 18:00:48.197942,78
978,479,46.23,172.22,2025-08-09 18:00:48.197942,79
979,480,47.48,41.39,2025-08-18 18:00:48.197942,80
980,481,99.65,101.36,2025-08-18 18:00:48.197942,81
981,482,83.61,49.50,2025-08-12 18:00:48.197942,82
982,483,12.77,58.02,2025-09-01 18:00:48.197942,83
983,484,1.10,69.56,2025-07-09 18:00:48.197942,84
984,485,8.14,185.07,2025-08-30 18:00:48.197942,85
985,486,29.14,121.60,2025-08-23 18:00:48.197942,86
986,487,58.70,191.43,2025-07-18 18:00:48.197942,87
987,488,59.00,112.53,2025-07-23 18:00:48.197942,88
988,489,16.60,181.68,2025-07-21 18:00:48.197942,89
989,490,37.49,107.83,2025-08-02 18:00:48.197942,90
990,491,68.44,196.19,2025-07-28 18:00:48.197942,91
991,492,15.45,160.12,2025-08-01 18:00:48.197942,92
992,493,48.52,114.91,2025-08-05 18:00:48.197942,93
993,494,90.97,155.57,2025-08-01 18:00:48.197942,94
994,495,21.67,37.19,2025-07-31 18:00:48.197942,95
995,496,43.21,167.60,2025-08-27 18:00:48.197942,96
996,497,62.43,63.51,2025-07-23 18:00:48.197942,97
997,498,29.21,11.42,2025-08-22 18:00:48.197942,98
998,499,83.82,155.44,2025-07-30 18:00:48.197942,99
999,500,28.81,91.55,2025-07-25 18:00:48.197942,100
1000,1,57.94,105.92,2025-08-14 18:00:48.197942,1
