id_cliente,nombre,apellidos,dni,email,telefono,fecha_registro
2,Diana,Ramírez,20400001,cliento1@gmail.com,907000001,2024-12-19 22:37:26.357339
3,Pedro,Torres,20400002,cliento2@gmail.com,907000002,2024-10-27 10:23:48.161089
4,Luis,Cruz,20400003,cliento3@gmail.com,907000003,2024-11-01 15:06:32.755346
5,Diana,Cruz,20400004,cliento4@gmail.com,907000004,2025-02-21 12:00:45.249779
6,José,Pérez,20400005,cliento5@gmail.com,907000005,2024-12-06 05:21:39.258413
7,José,Fernández,20400006,cliento6@gmail.com,907000006,2025-01-07 20:39:54.103843
8,Diana,Salazar,20400007,cliento7@gmail.com,907000007,2024-12-08 19:38:02.469991
9,Rosa,Fernández,20400008,cliento8@gmail.com,907000008,2024-10-30 11:12:49.092362
10,Lucía,García,20400009,cliento9@gmail.com,907000009,2025-02-09 06:37:07.016733
11,Ana,Fernández,20400010,cliento10@gmail.com,907000010,2025-04-25 20:46:46.54443
12,Lucía,Rojas,20400011,cliento11@gmail.com,907000011,2025-07-21 02:20:28.111498
13,Lucía,Cruz,20400012,cliento12@gmail.com,907000012,2025-01-28 06:19:31.410735
14,José,Flores,20400013,cliento13@gmail.com,907000013,2025-03-20 14:47:24.587573
15,José,Rojas,20400014,cliento14@gmail.com,907000014,2025-06-17 12:44:56.166991
16,María,Torres,20400015,cliento15@gmail.com,907000015,2025-05-14 04:22:35.451858
17,Juan,Flores,20400016,cliento16@gmail.com,907000016,2024-10-24 19:13:46.612727
18,Lucía,Torres,20400017,cliento17@gmail.com,907000017,2024-12-08 12:51:53.672182
19,Ana,Flores,20400018,cliento18@gmail.com,907000018,2025-03-04 18:33:13.405259
20,Ana,Torres,20400019,cliento19@gmail.com,907000019,2025-01-08 07:59:30.870871
21,José,Salazar,20400020,cliento20@gmail.com,907000020,2025-01-09 04:58:34.659938
22,José,Ramírez,20400021,cliento21@gmail.com,907000021,2025-01-27 18:22:48.397475
23,Carlos,García,20400022,cliento22@gmail.com,907000022,2025-05-29 13:35:05.984415
24,Ana,Cruz,20400023,cliento23@gmail.com,907000023,2025-01-26 15:03:39.134836
25,Lucía,Cruz,20400024,cliento24@gmail.com,907000024,2024-09-16 23:05:29.406732
26,José,García,20400025,cliento25@gmail.com,907000025,2025-07-07 21:20:51.884653
27,Diana,Rojas,20400026,cliento26@gmail.com,907000026,2025-08-26 01:54:44.870152
28,Carlos,Salazar,20400027,cliento27@gmail.com,907000027,2025-09-03 23:59:53.521833
29,Juan,Cruz,20400028,cliento28@gmail.com,907000028,2024-11-29 08:44:39.727047
30,Diana,Torres,20400029,cliento29@gmail.com,907000029,2024-09-25 15:50:23.494354
31,Carlos,Fernández,20400030,cliento30@gmail.com,907000030,2025-04-28 00:10:50.882279
32,Pedro,García,20400031,cliento31@gmail.com,907000031,2025-06-08 07:02:26.630541
33,José,Gómez,20400032,cliento32@gmail.com,907000032,2025-03-22 03:02:32.064556
34,Lucía,Flores,20400033,cliento33@gmail.com,907000033,2025-05-31 20:58:25.020552
35,Ana,Cruz,20400034,cliento34@gmail.com,907000034,2025-07-14 12:01:11.559874
36,Carlos,Flores,20400035,cliento35@gmail.com,907000035,2024-12-22 12:19:45.499651
37,José,Ramírez,20400036,cliento36@gmail.com,907000036,2025-04-05 07:54:30.499149
38,Pedro,Gómez,20400037,cliento37@gmail.com,907000037,2025-04-01 16:26:00.791175
39,Diana,Rojas,20400038,cliento38@gmail.com,907000038,2024-10-20 12:22:50.398538
40,Ana,García,20400039,cliento39@gmail.com,907000039,2025-04-26 07:31:24.688497
41,Luis,Salazar,20400040,cliento40@gmail.com,907000040,2024-11-09 07:09:08.540239
42,Luis,Fernández,20400041,cliento41@gmail.com,907000041,2024-11-15 01:14:27.644122
43,José,Cruz,20400042,cliento42@gmail.com,907000042,2024-10-21 04:09:53.074077
44,Pedro,Salazar,20400043,cliento43@gmail.com,907000043,2025-01-15 22:08:09.351025
45,José,Salazar,20400044,cliento44@gmail.com,907000044,2025-04-01 15:54:33.767557
46,Juan,Cruz,20400045,cliento45@gmail.com,907000045,2025-08-24 23:50:56.873206
47,Ana,Flores,20400046,cliento46@gmail.com,907000046,2025-01-16 20:34:54.870631
48,Diana,Rojas,20400047,cliento47@gmail.com,907000047,2025-05-07 19:15:41.285929
49,Pedro,Fernández,20400048,cliento48@gmail.com,907000048,2025-03-08 03:55:54.735998
50,Diana,Gómez,20400049,cliento49@gmail.com,907000049,2025-07-09 05:17:50.69915
51,Ana,Ramírez,20400050,cliento50@gmail.com,907000050,2024-12-07 02:01:02.840693
52,Ana,Cruz,20400051,cliento51@gmail.com,907000051,2025-04-22 06:36:01.737107
53,Ana,Pérez,20400052,cliento52@gmail.com,907000052,2025-01-10 07:58:38.944555
54,Luis,Fernández,20400053,cliento53@gmail.com,907000053,2025-04-09 12:22:57.615239
55,Pedro,Gómez,20400054,cliento54@gmail.com,907000054,2025-03-08 19:43:33.003717
56,Lucía,Fernández,20400055,cliento55@gmail.com,907000055,2024-09-14 00:11:04.41581
57,Carlos,Torres,20400056,cliento56@gmail.com,907000056,2025-06-21 08:39:50.985335
58,Luis,Cruz,20400057,cliento57@gmail.com,907000057,2025-02-06 01:35:52.73052
59,José,Gómez,20400058,cliento58@gmail.com,907000058,2025-03-03 01:08:15.369947
60,Diana,Fernández,20400059,cliento59@gmail.com,907000059,2025-03-29 15:44:50.11107
61,Luis,Fernández,20400060,cliento60@gmail.com,907000060,2025-06-26 19:53:48.526117
62,Ana,Flores,20400061,cliento61@gmail.com,907000061,2024-12-27 12:37:13.428372
63,Luis,Fernández,20400062,cliento62@gmail.com,907000062,2024-12-30 07:55:45.798395
64,Ana,Cruz,20400063,cliento63@gmail.com,907000063,2024-11-21 02:28:00.817995
65,Lucía,Torres,20400064,cliento64@gmail.com,907000064,2025-08-25 14:51:14.135256
66,Luis,Pérez,20400065,cliento65@gmail.com,907000065,2025-06-23 11:17:17.308977
67,Juan,Rojas,20400066,cliento66@gmail.com,907000066,2025-07-21 15:38:49.551273
68,José,Ramírez,20400067,cliento67@gmail.com,907000067,2025-01-04 00:07:40.038428
69,Lucía,Salazar,20400068,cliento68@gmail.com,907000068,2025-08-26 07:14:04.053495
70,Juan,Salazar,20400069,cliento69@gmail.com,907000069,2024-12-26 10:42:29.573676
71,Luis,García,20400070,cliento70@gmail.com,907000070,2025-05-13 17:41:08.98569
72,Rosa,Salazar,20400071,cliento71@gmail.com,907000071,2025-03-04 19:37:50.092852
73,María,Fernández,20400072,cliento72@gmail.com,907000072,2025-08-27 09:07:25.156284
74,Lucía,Fernández,20400073,cliento73@gmail.com,907000073,2024-11-14 11:11:17.484879
75,Juan,Gómez,20400074,cliento74@gmail.com,907000074,2024-12-14 14:16:40.066336
76,Pedro,Cruz,20400075,cliento75@gmail.com,907000075,2025-03-21 00:37:52.421701
77,Carlos,Ramírez,20400076,cliento76@gmail.com,907000076,2025-06-12 01:47:12.540159
78,Lucía,Pérez,20400077,cliento77@gmail.com,907000077,2025-04-04 07:59:08.078873
79,Juan,Gómez,20400078,cliento78@gmail.com,907000078,2025-03-23 10:07:00.846654
80,Pedro,Torres,20400079,cliento79@gmail.com,907000079,2024-09-20 21:16:20.806527
81,María,Ramírez,20400080,cliento80@gmail.com,907000080,2025-08-09 03:26:06.404169
82,Ana,García,20400081,cliento81@gmail.com,907000081,2025-04-16 18:50:59.448835
83,Pedro,Salazar,20400082,cliento82@gmail.com,907000082,2024-09-23 22:08:03.653046
84,Rosa,García,20400083,cliento83@gmail.com,907000083,2024-09-07 09:12:56.561302
85,Rosa,Salazar,20400084,cliento84@gmail.com,907000084,2025-09-04 17:37:09.0335
86,Ana,Gómez,20400085,cliento85@gmail.com,907000085,2025-05-20 17:23:15.363383
87,Lucía,Torres,20400086,cliento86@gmail.com,907000086,2025-04-08 08:04:53.394597
88,Ana,Pérez,20400087,cliento87@gmail.com,907000087,2024-10-13 04:23:53.56628
89,Carlos,Fernández,20400088,cliento88@gmail.com,907000088,2025-03-20 22:29:14.101679
90,José,García,20400089,cliento89@gmail.com,907000089,2024-12-13 12:45:02.142433
91,Rosa,Fernández,20400090,cliento90@gmail.com,907000090,2025-01-18 20:05:52.747128
92,José,Fernández,20400091,cliento91@gmail.com,907000091,2025-03-24 04:14:21.26725
93,Ana,Pérez,20400092,cliento92@gmail.com,907000092,2025-09-05 20:30:35.956038
94,María,Ramírez,20400093,cliento93@gmail.com,907000093,2025-02-14 08:00:21.973433
95,Carlos,Torres,20400094,cliento94@gmail.com,907000094,2025-07-26 15:49:54.332297
96,Juan,Salazar,20400095,cliento95@gmail.com,907000095,2024-09-20 08:09:23.834191
97,José,García,20400096,cliento96@gmail.com,907000096,2025-06-13 14:20:58.018646
98,José,Fernández,20400097,cliento97@gmail.com,907000097,2025-08-17 12:45:27.639653
99,Carlos,Pérez,20400098,cliento98@gmail.com,907000098,2025-07-07 04:25:12.592346
100,Luis,Torres,20400099,cliento99@gmail.com,907000099,2025-01-09 14:52:10.187051
101,Lucía,Cruz,20400100,cliento100@gmail.com,907000100,2025-04-19 11:45:57.992288
102,José,Fernández,20400101,cliento101@gmail.com,907000101,2024-11-03 17:16:07.437911
103,Ana,Salazar,20400102,cliento102@gmail.com,907000102,2024-11-18 10:25:33.784985
104,Diana,Cruz,20400103,cliento103@gmail.com,907000103,2025-03-10 15:21:51.966721
105,Pedro,Gómez,20400104,cliento104@gmail.com,907000104,2025-08-29 05:57:59.315033
106,Diana,Ramírez,20400105,cliento105@gmail.com,907000105,2025-04-13 13:55:55.833051
107,Pedro,Pérez,20400106,cliento106@gmail.com,907000106,2024-09-17 23:19:03.225336
108,Juan,García,20400107,cliento107@gmail.com,907000107,2025-09-06 13:39:39.486784
109,Juan,Gómez,20400108,cliento108@gmail.com,907000108,2025-02-23 03:26:49.536422
110,Pedro,Pérez,20400109,cliento109@gmail.com,907000109,2025-02-06 08:02:42.739959
111,Ana,Rojas,20400110,cliento110@gmail.com,907000110,2025-05-28 05:45:56.389516
112,Diana,Gómez,20400111,cliento111@gmail.com,907000111,2024-10-08 15:45:11.150519
113,Pedro,Flores,20400112,cliento112@gmail.com,907000112,2025-04-29 13:52:37.746666
114,José,Fernández,20400113,cliento113@gmail.com,907000113,2024-09-16 12:26:40.521367
115,Carlos,García,20400114,cliento114@gmail.com,907000114,2025-07-21 18:27:14.046023
116,Luis,Flores,20400115,cliento115@gmail.com,907000115,2025-01-24 12:01:33.187595
117,José,Pérez,20400116,cliento116@gmail.com,907000116,2024-11-27 20:21:05.80916
118,Lucía,Gómez,20400117,cliento117@gmail.com,907000117,2024-12-22 05:56:56.038091
119,Juan,Fernández,20400118,cliento118@gmail.com,907000118,2025-02-09 23:31:03.573041
120,Ana,Flores,20400119,cliento119@gmail.com,907000119,2025-08-21 02:44:46.925929
121,Diana,Pérez,20400120,cliento120@gmail.com,907000120,2024-12-08 17:36:36.550775
122,José,Salazar,20400121,cliento121@gmail.com,907000121,2024-10-25 21:26:37.518835
123,Carlos,Gómez,20400122,cliento122@gmail.com,907000122,2024-12-16 23:54:52.723795
124,Pedro,Salazar,20400123,cliento123@gmail.com,907000123,2024-11-18 03:30:01.034326
125,Ana,Cruz,20400124,cliento124@gmail.com,907000124,2025-03-27 02:18:43.55699
126,Ana,Flores,20400125,cliento125@gmail.com,907000125,2025-04-30 00:27:22.394252
127,José,Gómez,20400126,cliento126@gmail.com,907000126,2025-07-07 12:55:47.239993
128,Rosa,Pérez,20400127,cliento127@gmail.com,907000127,2025-01-22 04:27:15.105212
129,Luis,García,20400128,cliento128@gmail.com,907000128,2025-05-02 03:58:27.951847
130,José,Torres,20400129,cliento129@gmail.com,907000129,2025-08-30 09:57:02.014809
131,Luis,Fernández,20400130,cliento130@gmail.com,907000130,2025-05-30 02:33:48.036148
132,Pedro,Ramírez,20400131,cliento131@gmail.com,907000131,2024-12-03 03:19:20.596707
133,Juan,Salazar,20400132,cliento132@gmail.com,907000132,2025-08-24 08:01:38.625166
134,Juan,Cruz,20400133,cliento133@gmail.com,907000133,2025-03-16 21:49:35.35637
135,Lucía,Gómez,20400134,cliento134@gmail.com,907000134,2024-09-11 02:42:01.023991
136,Rosa,Pérez,20400135,cliento135@gmail.com,907000135,2025-02-27 15:10:34.593077
137,Juan,Flores,20400136,cliento136@gmail.com,907000136,2025-02-21 20:19:01.102873
138,José,Rojas,20400137,cliento137@gmail.com,907000137,2024-10-05 02:09:06.496888
139,Lucía,Gómez,20400138,cliento138@gmail.com,907000138,2025-03-16 17:28:15.606051
140,José,Cruz,20400139,cliento139@gmail.com,907000139,2025-07-18 04:01:06.241497
141,José,García,20400140,cliento140@gmail.com,907000140,2024-11-12 19:21:08.525769
142,Carlos,García,20400141,cliento141@gmail.com,907000141,2024-10-15 10:16:43.170172
143,María,Cruz,20400142,cliento142@gmail.com,907000142,2024-11-27 04:01:49.382402
144,Ana,Pérez,20400143,cliento143@gmail.com,907000143,2025-03-21 21:34:33.652839
145,Rosa,García,20400144,cliento144@gmail.com,907000144,2025-06-29 12:27:43.663687
146,María,Cruz,20400145,cliento145@gmail.com,907000145,2024-12-01 15:57:25.765675
147,Ana,Ramírez,20400146,cliento146@gmail.com,907000146,2025-02-14 07:41:31.525018
148,María,Pérez,20400147,cliento147@gmail.com,907000147,2024-10-09 22:01:05.78257
149,Lucía,Cruz,20400148,cliento148@gmail.com,907000148,2025-02-01 17:38:33.874339
150,Luis,Rojas,20400149,cliento149@gmail.com,907000149,2024-12-25 07:34:34.60242
151,Lucía,Torres,20400150,cliento150@gmail.com,907000150,2025-02-17 16:41:02.283023
152,Carlos,García,20400151,cliento151@gmail.com,907000151,2024-10-27 11:47:58.515183
153,Ana,Rojas,20400152,cliento152@gmail.com,907000152,2025-02-25 14:18:57.223594
154,Luis,Fernández,20400153,cliento153@gmail.com,907000153,2025-06-20 06:47:45.472655
155,Carlos,Fernández,20400154,cliento154@gmail.com,907000154,2025-01-31 03:11:41.233885
156,Pedro,Gómez,20400155,cliento155@gmail.com,907000155,2025-04-01 11:13:41.946947
157,Carlos,García,20400156,cliento156@gmail.com,907000156,2025-06-04 12:13:38.538513
158,José,Ramírez,20400157,cliento157@gmail.com,907000157,2024-11-27 01:52:18.654224
159,Pedro,Fernández,20400158,cliento158@gmail.com,907000158,2024-12-12 21:59:12.069653
160,Ana,Rojas,20400159,cliento159@gmail.com,907000159,2025-03-23 22:45:29.28435
161,Carlos,Flores,20400160,cliento160@gmail.com,907000160,2025-05-25 09:59:14.165645
162,Rosa,Fernández,20400161,cliento161@gmail.com,907000161,2025-07-24 20:57:12.20846
163,Pedro,Torres,20400162,cliento162@gmail.com,907000162,2025-07-26 23:31:32.797072
164,José,Rojas,20400163,cliento163@gmail.com,907000163,2025-03-07 16:22:12.210241
165,Diana,Torres,20400164,cliento164@gmail.com,907000164,2025-04-02 23:52:34.067651
166,Ana,Pérez,20400165,cliento165@gmail.com,907000165,2025-06-24 22:33:12.512339
167,José,Ramírez,20400166,cliento166@gmail.com,907000166,2025-02-23 15:18:56.638803
168,Luis,Pérez,20400167,cliento167@gmail.com,907000167,2024-11-29 07:41:03.732278
169,María,Flores,20400168,cliento168@gmail.com,907000168,2025-03-13 20:44:29.236291
170,Diana,Flores,20400169,cliento169@gmail.com,907000169,2025-03-09 02:00:48.131238
171,Pedro,Gómez,20400170,cliento170@gmail.com,907000170,2025-06-22 14:00:18.390281
172,Ana,García,20400171,cliento171@gmail.com,907000171,2024-11-02 12:30:22.01024
173,Ana,Rojas,20400172,cliento172@gmail.com,907000172,2025-06-12 18:25:00.61052
174,Juan,Cruz,20400173,cliento173@gmail.com,907000173,2025-09-05 12:27:50.944209
175,Ana,Pérez,20400174,cliento174@gmail.com,907000174,2025-07-10 08:47:00.344919
176,Rosa,Ramírez,20400175,cliento175@gmail.com,907000175,2025-01-30 09:05:43.662974
177,Pedro,Torres,20400176,cliento176@gmail.com,907000176,2025-08-15 17:06:41.262614
178,José,Ramírez,20400177,cliento177@gmail.com,907000177,2025-02-20 22:33:58.672767
179,Pedro,García,20400178,cliento178@gmail.com,907000178,2025-05-09 01:45:15.849124
180,Luis,Fernández,20400179,cliento179@gmail.com,907000179,2025-08-28 17:47:36.566747
181,Lucía,Pérez,20400180,cliento180@gmail.com,907000180,2024-09-13 09:02:38.260792
182,Juan,Pérez,20400181,cliento181@gmail.com,907000181,2025-07-12 13:38:40.12095
183,José,Torres,20400182,cliento182@gmail.com,907000182,2025-06-01 09:31:04.510706
184,Lucía,Cruz,20400183,cliento183@gmail.com,907000183,2024-09-18 16:25:04.812884
185,Lucía,Rojas,20400184,cliento184@gmail.com,907000184,2025-08-14 18:18:01.664848
186,Lucía,Flores,20400185,cliento185@gmail.com,907000185,2024-12-25 04:00:17.639584
187,Rosa,Rojas,20400186,cliento186@gmail.com,907000186,2024-09-17 10:53:11.225036
188,Luis,Cruz,20400187,cliento187@gmail.com,907000187,2025-07-25 19:11:25.231986
189,María,Pérez,20400188,cliento188@gmail.com,907000188,2025-04-01 04:57:48.695521
190,Pedro,Torres,20400189,cliento189@gmail.com,907000189,2024-12-25 07:27:31.415931
191,José,Fernández,20400190,cliento190@gmail.com,907000190,2025-07-22 19:33:51.307957
192,Diana,García,20400191,cliento191@gmail.com,907000191,2024-10-14 10:29:06.922558
193,Carlos,García,20400192,cliento192@gmail.com,907000192,2025-07-06 07:40:47.967863
194,Luis,Pérez,20400193,cliento193@gmail.com,907000193,2025-07-09 17:26:10.904615
195,José,Fernández,20400194,cliento194@gmail.com,907000194,2025-03-22 10:51:54.964841
196,Carlos,Ramírez,20400195,cliento195@gmail.com,907000195,2025-01-15 10:11:21.528362
197,José,Rojas,20400196,cliento196@gmail.com,907000196,2024-10-20 05:23:00.573095
198,Juan,Ramírez,20400197,cliento197@gmail.com,907000197,2024-09-16 18:05:58.380278
199,Luis,Fernández,20400198,cliento198@gmail.com,907000198,2024-10-12 10:03:52.134553
200,Ana,Flores,20400199,cliento199@gmail.com,907000199,2025-04-10 04:26:44.344683
201,Carlos,Flores,20400200,cliento200@gmail.com,907000200,2024-12-30 00:42:25.769171
202,Luis,Fernández,20400201,cliento201@gmail.com,907000201,2024-10-25 06:20:37.404582
203,Lucía,García,20400202,cliento202@gmail.com,907000202,2025-06-02 08:30:01.836395
204,Lucía,Gómez,20400203,cliento203@gmail.com,907000203,2025-03-16 06:31:34.759849
205,Ana,Rojas,20400204,cliento204@gmail.com,907000204,2024-12-15 12:22:28.663825
206,Diana,Cruz,20400205,cliento205@gmail.com,907000205,2025-02-24 14:44:41.083832
207,Rosa,Salazar,20400206,cliento206@gmail.com,907000206,2024-10-16 02:34:27.644292
208,Rosa,Cruz,20400207,cliento207@gmail.com,907000207,2024-09-10 23:33:23.240524
209,Diana,Fernández,20400208,cliento208@gmail.com,907000208,2025-05-22 13:11:21.439284
210,Carlos,Rojas,20400209,cliento209@gmail.com,907000209,2025-02-17 15:45:16.368272
211,Diana,Fernández,20400210,cliento210@gmail.com,907000210,2025-01-30 19:17:42.17339
212,María,Pérez,20400211,cliento211@gmail.com,907000211,2024-12-02 08:40:56.147648
213,Lucía,Salazar,20400212,cliento212@gmail.com,907000212,2025-08-02 12:59:45.534325
214,Rosa,García,20400213,cliento213@gmail.com,907000213,2025-08-10 04:10:01.806884
215,María,Fernández,20400214,cliento214@gmail.com,907000214,2024-11-20 18:08:32.113977
216,Pedro,Torres,20400215,cliento215@gmail.com,907000215,2024-10-17 22:05:32.824703
217,Juan,Fernández,20400216,cliento216@gmail.com,907000216,2024-11-20 16:35:38.648248
218,Pedro,Gómez,20400217,cliento217@gmail.com,907000217,2024-12-15 04:42:23.517468
219,Carlos,Ramírez,20400218,cliento218@gmail.com,907000218,2025-08-30 03:17:59.742674
220,Juan,Gómez,20400219,cliento219@gmail.com,907000219,2025-05-25 07:48:51.632685
221,José,Torres,20400220,cliento220@gmail.com,907000220,2025-03-15 10:45:10.441667
222,María,Torres,20400221,cliento221@gmail.com,907000221,2025-07-11 15:09:06.87892
223,Carlos,Ramírez,20400222,cliento222@gmail.com,907000222,2025-03-17 22:37:37.820003
224,Pedro,Pérez,20400223,cliento223@gmail.com,907000223,2025-07-16 06:21:37.254474
225,María,Pérez,20400224,cliento224@gmail.com,907000224,2025-06-08 00:15:20.793491
226,Carlos,García,20400225,cliento225@gmail.com,907000225,2025-03-16 18:22:01.701959
227,Carlos,Fernández,20400226,cliento226@gmail.com,907000226,2024-12-29 06:21:57.424583
228,Luis,Torres,20400227,cliento227@gmail.com,907000227,2025-02-07 04:44:53.291585
229,Pedro,Flores,20400228,cliento228@gmail.com,907000228,2025-04-07 23:58:04.911384
230,María,Salazar,20400229,cliento229@gmail.com,907000229,2025-05-25 18:32:25.081722
231,Luis,Torres,20400230,cliento230@gmail.com,907000230,2025-01-05 01:14:20.056889
232,Diana,Gómez,20400231,cliento231@gmail.com,907000231,2025-06-12 09:49:21.056494
233,José,Flores,20400232,cliento232@gmail.com,907000232,2024-12-16 10:51:05.157283
234,José,Rojas,20400233,cliento233@gmail.com,907000233,2025-04-14 22:59:39.877763
235,José,Pérez,20400234,cliento234@gmail.com,907000234,2025-05-29 03:31:52.162623
236,María,Rojas,20400235,cliento235@gmail.com,907000235,2024-11-16 13:03:22.302428
237,José,Pérez,20400236,cliento236@gmail.com,907000236,2025-08-17 02:11:29.164228
238,Lucía,Rojas,20400237,cliento237@gmail.com,907000237,2025-08-08 12:54:08.44362
239,Pedro,Pérez,20400238,cliento238@gmail.com,907000238,2025-02-13 21:28:19.938299
240,Ana,Fernández,20400239,cliento239@gmail.com,907000239,2024-11-07 15:27:07.860933
241,Ana,Fernández,20400240,cliento240@gmail.com,907000240,2024-12-12 19:13:14.833582
242,Pedro,Torres,20400241,cliento241@gmail.com,907000241,2025-03-20 15:27:31.406435
243,María,Cruz,20400242,cliento242@gmail.com,907000242,2025-07-28 22:38:40.075797
244,Diana,García,20400243,cliento243@gmail.com,907000243,2024-12-08 17:15:15.592185
245,Ana,Flores,20400244,cliento244@gmail.com,907000244,2025-04-03 03:26:09.915931
246,Lucía,Gómez,20400245,cliento245@gmail.com,907000245,2024-09-16 11:08:09.413224
247,Juan,Salazar,20400246,cliento246@gmail.com,907000246,2024-09-15 09:45:57.13496
248,Carlos,Flores,20400247,cliento247@gmail.com,907000247,2024-10-25 06:34:26.551305
249,Carlos,Pérez,20400248,cliento248@gmail.com,907000248,2024-10-25 02:37:15.226721
250,Lucía,Torres,20400249,cliento249@gmail.com,907000249,2025-01-29 12:49:56.701087
251,Diana,García,20400250,cliento250@gmail.com,907000250,2025-04-25 02:17:59.402822
252,Luis,Salazar,20400251,cliento251@gmail.com,907000251,2024-11-10 17:42:54.840438
253,Ana,Torres,20400252,cliento252@gmail.com,907000252,2025-07-16 09:51:54.376834
254,Ana,Ramírez,20400253,cliento253@gmail.com,907000253,2025-03-22 09:40:01.926664
255,María,Flores,20400254,cliento254@gmail.com,907000254,2024-10-04 04:06:31.301454
256,Rosa,Ramírez,20400255,cliento255@gmail.com,907000255,2025-04-18 03:43:31.695769
257,Carlos,Gómez,20400256,cliento256@gmail.com,907000256,2025-04-06 18:03:10.941942
258,Carlos,Ramírez,20400257,cliento257@gmail.com,907000257,2025-01-18 06:50:55.299038
259,Rosa,García,20400258,cliento258@gmail.com,907000258,2024-09-15 08:57:11.237802
260,Diana,Torres,20400259,cliento259@gmail.com,907000259,2025-04-27 01:34:44.682408
261,Diana,Flores,20400260,cliento260@gmail.com,907000260,2025-07-21 11:22:11.205899
262,Diana,Rojas,20400261,cliento261@gmail.com,907000261,2025-06-29 12:10:46.036248
263,Pedro,Rojas,20400262,cliento262@gmail.com,907000262,2025-05-12 22:51:37.077605
264,María,Torres,20400263,cliento263@gmail.com,907000263,2025-07-17 21:23:32.838676
265,José,Gómez,20400264,cliento264@gmail.com,907000264,2025-03-22 06:43:24.708244
266,Pedro,Salazar,20400265,cliento265@gmail.com,907000265,2025-01-16 07:33:55.042703
267,Diana,Torres,20400266,cliento266@gmail.com,907000266,2025-05-24 11:27:16.26884
268,Lucía,García,20400267,cliento267@gmail.com,907000267,2025-02-01 06:53:41.897268
269,Ana,Ramírez,20400268,cliento268@gmail.com,907000268,2024-09-11 04:54:20.617389
270,Pedro,Ramírez,20400269,cliento269@gmail.com,907000269,2025-03-11 07:02:26.606931
271,Luis,Flores,20400270,cliento270@gmail.com,907000270,2024-11-21 19:00:04.377159
272,Lucía,García,20400271,cliento271@gmail.com,907000271,2025-06-17 05:50:05.43761
273,Luis,Fernández,20400272,cliento272@gmail.com,907000272,2025-05-18 11:48:58.266515
274,Lucía,Cruz,20400273,cliento273@gmail.com,907000273,2025-01-06 07:55:45.083237
275,Juan,Gómez,20400274,cliento274@gmail.com,907000274,2025-08-21 01:34:43.794787
276,Rosa,Flores,20400275,cliento275@gmail.com,907000275,2025-04-17 16:01:38.949842
277,Luis,Pérez,20400276,cliento276@gmail.com,907000276,2024-12-05 07:30:40.540735
278,Juan,Pérez,20400277,cliento277@gmail.com,907000277,2025-01-10 11:25:41.811021
279,Luis,Cruz,20400278,cliento278@gmail.com,907000278,2025-08-27 08:46:48.944217
280,Lucía,Gómez,20400279,cliento279@gmail.com,907000279,2025-01-20 22:08:29.781206
281,Juan,Fernández,20400280,cliento280@gmail.com,907000280,2025-08-19 16:59:35.388187
282,Carlos,Gómez,20400281,cliento281@gmail.com,907000281,2024-09-17 18:35:52.59029
283,Pedro,Salazar,20400282,cliento282@gmail.com,907000282,2025-02-02 23:35:02.365472
284,Diana,García,20400283,cliento283@gmail.com,907000283,2025-04-11 19:55:51.082314
285,José,Pérez,20400284,cliento284@gmail.com,907000284,2024-10-24 02:26:07.90995
286,Pedro,García,20400285,cliento285@gmail.com,907000285,2025-06-13 10:57:07.605293
287,Juan,Salazar,20400286,cliento286@gmail.com,907000286,2025-02-05 10:53:42.885923
288,José,Salazar,20400287,cliento287@gmail.com,907000287,2025-07-31 03:58:57.526411
289,Carlos,Cruz,20400288,cliento288@gmail.com,907000288,2024-12-15 10:31:36.338871
290,Lucía,Salazar,20400289,cliento289@gmail.com,907000289,2024-11-08 21:04:48.584716
291,Diana,Ramírez,20400290,cliento290@gmail.com,907000290,2025-05-25 14:48:46.254156
292,Juan,Ramírez,20400291,cliento291@gmail.com,907000291,2025-05-13 23:55:49.671347
293,Juan,Pérez,20400292,cliento292@gmail.com,907000292,2024-12-11 14:30:18.59318
294,Ana,Gómez,20400293,cliento293@gmail.com,907000293,2025-05-05 21:29:47.55229
295,Ana,Pérez,20400294,cliento294@gmail.com,907000294,2024-12-01 09:57:45.007769
296,María,García,20400295,cliento295@gmail.com,907000295,2025-01-28 12:32:39.934027
297,Pedro,Torres,20400296,cliento296@gmail.com,907000296,2025-05-29 07:42:54.00859
298,Luis,García,20400297,cliento297@gmail.com,907000297,2024-10-21 17:40:45.624943
299,Lucía,Gómez,20400298,cliento298@gmail.com,907000298,2024-11-01 19:55:27.271343
300,Carlos,Rojas,20400299,cliento299@gmail.com,907000299,2024-12-25 21:20:10.05504
301,María,Torres,20400300,cliento300@gmail.com,907000300,2025-05-13 07:39:44.080038
302,Luis,Salazar,20400301,cliento301@gmail.com,907000301,2025-01-08 00:00:42.663771
303,Rosa,Pérez,20400302,cliento302@gmail.com,907000302,2025-07-16 16:45:22.781784
304,Luis,Gómez,20400303,cliento303@gmail.com,907000303,2025-06-20 15:22:45.500002
305,Luis,Cruz,20400304,cliento304@gmail.com,907000304,2025-06-24 17:53:39.233273
306,María,Cruz,20400305,cliento305@gmail.com,907000305,2024-12-17 06:01:21.230427
307,Carlos,Flores,20400306,cliento306@gmail.com,907000306,2024-11-21 07:51:08.452769
308,José,Ramírez,20400307,cliento307@gmail.com,907000307,2025-05-24 18:25:47.477213
309,Juan,Ramírez,20400308,cliento308@gmail.com,907000308,2025-04-22 22:27:26.028912
310,Carlos,Salazar,20400309,cliento309@gmail.com,907000309,2025-08-03 02:03:52.8934
311,María,Salazar,20400310,cliento310@gmail.com,907000310,2024-11-30 15:19:09.45896
312,Luis,Flores,20400311,cliento311@gmail.com,907000311,2025-04-09 15:26:10.912779
313,Luis,Ramírez,20400312,cliento312@gmail.com,907000312,2025-02-24 17:00:02.285288
314,María,Salazar,20400313,cliento313@gmail.com,907000313,2025-05-09 16:58:09.003942
315,María,Torres,20400314,cliento314@gmail.com,907000314,2025-04-29 17:26:41.531128
316,Juan,Ramírez,20400315,cliento315@gmail.com,907000315,2025-04-03 01:41:09.840709
317,Diana,Flores,20400316,cliento316@gmail.com,907000316,2025-02-18 12:55:18.729611
318,Juan,Flores,20400317,cliento317@gmail.com,907000317,2025-07-04 05:21:52.746184
319,Luis,Cruz,20400318,cliento318@gmail.com,907000318,2025-02-20 02:41:31.444049
320,José,Cruz,20400319,cliento319@gmail.com,907000319,2025-04-30 23:31:37.381479
321,Carlos,García,20400320,cliento320@gmail.com,907000320,2024-12-09 22:51:36.637387
322,Pedro,Salazar,20400321,cliento321@gmail.com,907000321,2025-02-07 10:29:16.298562
323,Juan,Cruz,20400322,cliento322@gmail.com,907000322,2025-05-21 05:24:55.64582
324,Juan,Ramírez,20400323,cliento323@gmail.com,907000323,2025-08-21 11:29:27.529731
325,Diana,García,20400324,cliento324@gmail.com,907000324,2025-06-26 06:37:28.99571
326,Ana,Fernández,20400325,cliento325@gmail.com,907000325,2024-09-20 16:01:27.094455
327,Carlos,Salazar,20400326,cliento326@gmail.com,907000326,2025-07-04 21:51:12.823834
328,José,Ramírez,20400327,cliento327@gmail.com,907000327,2025-08-02 19:42:42.678124
329,Ana,Gómez,20400328,cliento328@gmail.com,907000328,2025-07-18 01:39:35.887615
330,Diana,García,20400329,cliento329@gmail.com,907000329,2025-02-03 21:34:43.98228
331,José,Pérez,20400330,cliento330@gmail.com,907000330,2025-02-16 19:45:53.763142
332,Luis,Ramírez,20400331,cliento331@gmail.com,907000331,2025-07-10 19:23:41.43408
333,Lucía,Salazar,20400332,cliento332@gmail.com,907000332,2024-09-12 07:45:35.987958
334,Pedro,Torres,20400333,cliento333@gmail.com,907000333,2025-06-28 12:02:34.060591
335,Pedro,Pérez,20400334,cliento334@gmail.com,907000334,2025-02-19 05:45:40.700007
336,Luis,Ramírez,20400335,cliento335@gmail.com,907000335,2024-09-08 03:48:26.627044
337,Juan,García,20400336,cliento336@gmail.com,907000336,2025-01-11 04:13:56.398131
338,Diana,Pérez,20400337,cliento337@gmail.com,907000337,2025-03-05 06:12:04.688646
339,María,Cruz,20400338,cliento338@gmail.com,907000338,2024-11-14 21:35:24.385452
340,Ana,Flores,20400339,cliento339@gmail.com,907000339,2024-09-14 14:49:20.298239
341,Luis,Flores,20400340,cliento340@gmail.com,907000340,2025-09-06 04:54:27.924957
342,Juan,Salazar,20400341,cliento341@gmail.com,907000341,2025-04-30 14:56:18.621895
343,Lucía,Flores,20400342,cliento342@gmail.com,907000342,2025-04-22 13:00:37.739854
344,Juan,Flores,20400343,cliento343@gmail.com,907000343,2025-05-06 16:40:08.870485
345,Lucía,Pérez,20400344,cliento344@gmail.com,907000344,2025-09-01 05:51:05.854344
346,Juan,Gómez,20400345,cliento345@gmail.com,907000345,2025-02-07 15:46:20.087803
347,Rosa,Flores,20400346,cliento346@gmail.com,907000346,2025-06-15 04:51:44.505423
348,Pedro,García,20400347,cliento347@gmail.com,907000347,2024-11-25 02:44:32.554401
349,Luis,Cruz,20400348,cliento348@gmail.com,907000348,2025-03-28 07:59:08.263048
350,Ana,Ramírez,20400349,cliento349@gmail.com,907000349,2025-07-09 05:46:39.295683
351,Carlos,Flores,20400350,cliento350@gmail.com,907000350,2025-07-21 06:39:26.064985
352,Pedro,Fernández,20400351,cliento351@gmail.com,907000351,2024-12-24 16:36:26.087416
353,José,Ramírez,20400352,cliento352@gmail.com,907000352,2025-07-28 07:50:56.139399
354,Diana,Torres,20400353,cliento353@gmail.com,907000353,2025-03-08 03:54:34.146227
355,Diana,Salazar,20400354,cliento354@gmail.com,907000354,2024-12-05 03:42:01.101478
356,José,Cruz,20400355,cliento355@gmail.com,907000355,2024-10-21 12:53:00.308024
357,Rosa,Flores,20400356,cliento356@gmail.com,907000356,2025-08-12 19:58:00.551466
358,José,Rojas,20400357,cliento357@gmail.com,907000357,2025-07-02 03:35:40.687578
359,Carlos,Gómez,20400358,cliento358@gmail.com,907000358,2025-03-17 10:32:33.403681
360,Diana,Torres,20400359,cliento359@gmail.com,907000359,2025-02-11 23:45:17.318596
361,José,García,20400360,cliento360@gmail.com,907000360,2025-02-12 08:30:42.730025
362,Juan,Gómez,20400361,cliento361@gmail.com,907000361,2025-04-05 18:34:02.048192
363,Rosa,Gómez,20400362,cliento362@gmail.com,907000362,2025-08-25 21:02:21.817612
364,Diana,Pérez,20400363,cliento363@gmail.com,907000363,2024-10-24 22:48:19.955623
365,Pedro,Ramírez,20400364,cliento364@gmail.com,907000364,2025-08-21 20:56:54.936347
366,Carlos,García,20400365,cliento365@gmail.com,907000365,2025-03-21 07:38:15.16422
367,Luis,Rojas,20400366,cliento366@gmail.com,907000366,2025-07-27 08:40:58.923471
368,Diana,Cruz,20400367,cliento367@gmail.com,907000367,2024-12-10 13:31:08.017929
369,María,Flores,20400368,cliento368@gmail.com,907000368,2025-06-19 03:23:21.054299
370,Rosa,Cruz,20400369,cliento369@gmail.com,907000369,2025-04-20 04:09:07.741449
371,Pedro,Gómez,20400370,cliento370@gmail.com,907000370,2024-09-29 22:20:41.300531
372,José,García,20400371,cliento371@gmail.com,907000371,2025-05-15 10:44:13.983493
373,Ana,Cruz,20400372,cliento372@gmail.com,907000372,2025-06-10 09:36:36.113025
374,Lucía,García,20400373,cliento373@gmail.com,907000373,2025-04-15 14:15:46.225165
375,Juan,Torres,20400374,cliento374@gmail.com,907000374,2025-07-16 10:47:30.780849
376,Juan,Salazar,20400375,cliento375@gmail.com,907000375,2025-05-26 06:06:13.101788
377,Carlos,Rojas,20400376,cliento376@gmail.com,907000376,2025-01-17 16:18:29.994566
378,Juan,García,20400377,cliento377@gmail.com,907000377,2024-12-11 06:52:57.04226
379,Pedro,Ramírez,20400378,cliento378@gmail.com,907000378,2025-01-13 00:59:44.420617
380,Ana,Cruz,20400379,cliento379@gmail.com,907000379,2024-10-11 07:51:55.681746
381,Luis,Torres,20400380,cliento380@gmail.com,907000380,2025-02-28 21:03:41.258574
382,Lucía,Gómez,20400381,cliento381@gmail.com,907000381,2025-02-23 00:48:04.921103
383,Lucía,Pérez,20400382,cliento382@gmail.com,907000382,2025-01-20 12:18:23.294289
384,Diana,García,20400383,cliento383@gmail.com,907000383,2025-05-06 19:21:02.197496
385,Lucía,Flores,20400384,cliento384@gmail.com,907000384,2025-02-09 15:53:32.947615
386,José,Gómez,20400385,cliento385@gmail.com,907000385,2025-08-12 03:31:11.366934
387,Pedro,Torres,20400386,cliento386@gmail.com,907000386,2025-02-09 19:11:32.107611
388,Lucía,García,20400387,cliento387@gmail.com,907000387,2025-03-09 09:03:18.412328
389,Carlos,Ramírez,20400388,cliento388@gmail.com,907000388,2024-12-10 05:49:55.090806
390,María,Cruz,20400389,cliento389@gmail.com,907000389,2025-04-08 20:56:07.778349
391,José,Cruz,20400390,cliento390@gmail.com,907000390,2025-04-26 11:41:25.599109
392,Rosa,Gómez,20400391,cliento391@gmail.com,907000391,2024-11-08 02:51:02.071695
393,Juan,Torres,20400392,cliento392@gmail.com,907000392,2025-06-12 06:14:38.44377
394,Carlos,Ramírez,20400393,cliento393@gmail.com,907000393,2025-08-17 06:29:05.774323
395,Luis,Cruz,20400394,cliento394@gmail.com,907000394,2025-05-11 23:54:11.499059
396,Rosa,Ramírez,20400395,cliento395@gmail.com,907000395,2024-09-11 23:22:43.993285
397,Carlos,Flores,20400396,cliento396@gmail.com,907000396,2024-12-10 03:06:58.454374
398,Diana,Rojas,20400397,cliento397@gmail.com,907000397,2025-04-24 11:09:37.341961
399,María,García,20400398,cliento398@gmail.com,907000398,2024-12-07 00:40:26.493792
400,Pedro,Salazar,20400399,cliento399@gmail.com,907000399,2024-11-23 10:09:55.684916
401,Diana,Torres,20400400,cliento400@gmail.com,907000400,2025-03-05 02:49:28.814025
402,José,Fernández,20400401,cliento401@gmail.com,907000401,2025-05-27 20:55:51.191578
403,José,Rojas,20400402,cliento402@gmail.com,907000402,2025-05-12 19:43:25.238105
404,Rosa,Torres,20400403,cliento403@gmail.com,907000403,2025-06-24 17:28:08.99402
405,Carlos,Cruz,20400404,cliento404@gmail.com,907000404,2024-11-15 09:33:30.251261
406,Pedro,Torres,20400405,cliento405@gmail.com,907000405,2025-04-10 00:26:55.334954
407,Diana,Fernández,20400406,cliento406@gmail.com,907000406,2025-06-26 21:00:54.68146
408,Diana,Cruz,20400407,cliento407@gmail.com,907000407,2025-05-13 21:27:45.446251
409,Pedro,Gómez,20400408,cliento408@gmail.com,907000408,2025-07-13 07:23:13.225432
410,Lucía,Torres,20400409,cliento409@gmail.com,907000409,2024-09-16 01:13:43.980334
411,Rosa,Salazar,20400410,cliento410@gmail.com,907000410,2024-12-17 12:39:51.305717
412,Carlos,Fernández,20400411,cliento411@gmail.com,907000411,2025-01-26 00:02:14.339283
413,José,Cruz,20400412,cliento412@gmail.com,907000412,2025-07-05 12:02:55.907543
414,Pedro,Rojas,20400413,cliento413@gmail.com,907000413,2025-01-20 12:52:40.612683
415,José,Ramírez,20400414,cliento414@gmail.com,907000414,2025-07-15 08:04:04.743988
416,Ana,Cruz,20400415,cliento415@gmail.com,907000415,2024-10-12 03:23:24.47681
417,Juan,Cruz,20400416,cliento416@gmail.com,907000416,2025-06-15 01:05:55.489294
418,Rosa,Fernández,20400417,cliento417@gmail.com,907000417,2024-11-13 08:16:26.261471
419,Juan,Rojas,20400418,cliento418@gmail.com,907000418,2024-09-10 00:22:51.465241
420,Carlos,Gómez,20400419,cliento419@gmail.com,907000419,2025-03-25 13:42:38.08506
421,José,Rojas,20400420,cliento420@gmail.com,907000420,2025-01-04 19:14:01.897351
422,José,Rojas,20400421,cliento421@gmail.com,907000421,2025-08-07 00:58:53.019361
423,Juan,Gómez,20400422,cliento422@gmail.com,907000422,2025-08-31 23:46:10.805358
424,Rosa,Rojas,20400423,cliento423@gmail.com,907000423,2025-05-31 07:47:40.618754
425,Pedro,Fernández,20400424,cliento424@gmail.com,907000424,2025-02-21 06:09:10.722726
426,Rosa,Flores,20400425,cliento425@gmail.com,907000425,2024-09-18 00:28:21.904869
427,Diana,Rojas,20400426,cliento426@gmail.com,907000426,2025-07-19 03:05:20.724221
428,José,Torres,20400427,cliento427@gmail.com,907000427,2025-01-15 05:06:06.602755
429,María,Cruz,20400428,cliento428@gmail.com,907000428,2025-09-04 22:38:55.949873
430,Luis,García,20400429,cliento429@gmail.com,907000429,2024-12-17 00:06:47.462869
431,Juan,García,20400430,cliento430@gmail.com,907000430,2025-04-16 12:08:27.211678
432,Lucía,Ramírez,20400431,cliento431@gmail.com,907000431,2025-02-10 04:41:48.238068
433,Lucía,García,20400432,cliento432@gmail.com,907000432,2025-08-07 15:42:48.525407
434,Juan,Gómez,20400433,cliento433@gmail.com,907000433,2025-06-10 07:07:39.366186
435,Diana,Flores,20400434,cliento434@gmail.com,907000434,2025-01-20 07:43:32.83148
436,Lucía,Torres,20400435,cliento435@gmail.com,907000435,2025-05-26 03:04:58.000415
437,Rosa,Flores,20400436,cliento436@gmail.com,907000436,2025-08-22 06:17:20.726185
438,Luis,Fernández,20400437,cliento437@gmail.com,907000437,2025-04-19 23:51:03.72544
439,Juan,Gómez,20400438,cliento438@gmail.com,907000438,2025-01-11 05:23:33.224064
440,Ana,Pérez,20400439,cliento439@gmail.com,907000439,2025-03-03 06:13:32.416057
441,María,Torres,20400440,cliento440@gmail.com,907000440,2024-12-24 08:38:12.919293
442,Diana,Salazar,20400441,cliento441@gmail.com,907000441,2025-03-28 15:45:28.669352
443,Diana,Flores,20400442,cliento442@gmail.com,907000442,2024-12-11 20:06:48.852833
444,Carlos,Salazar,20400443,cliento443@gmail.com,907000443,2025-04-11 23:41:52.492413
445,Juan,Salazar,20400444,cliento444@gmail.com,907000444,2024-10-29 04:00:06.901819
446,Pedro,Salazar,20400445,cliento445@gmail.com,907000445,2025-04-02 10:55:22.520725
447,Luis,Torres,20400446,cliento446@gmail.com,907000446,2024-09-26 06:54:42.762585
448,Diana,Pérez,20400447,cliento447@gmail.com,907000447,2025-01-31 23:44:57.931574
449,Lucía,Fernández,20400448,cliento448@gmail.com,907000448,2024-12-21 12:12:10.893486
450,Pedro,Cruz,20400449,cliento449@gmail.com,907000449,2024-11-13 18:58:57.611297
451,Pedro,Ramírez,20400450,cliento450@gmail.com,907000450,2025-05-09 19:39:27.183508
452,María,Rojas,20400451,cliento451@gmail.com,907000451,2025-07-08 14:44:27.205889
453,Carlos,Gómez,20400452,cliento452@gmail.com,907000452,2025-03-14 15:18:30.880785
454,José,Salazar,20400453,cliento453@gmail.com,907000453,2025-05-06 16:12:55.464721
455,Ana,Flores,20400454,cliento454@gmail.com,907000454,2025-05-06 01:57:06.816484
456,Pedro,Rojas,20400455,cliento455@gmail.com,907000455,2024-09-19 14:29:10.341059
457,Diana,Gómez,20400456,cliento456@gmail.com,907000456,2024-11-03 19:23:50.760093
458,Rosa,García,20400457,cliento457@gmail.com,907000457,2025-05-07 00:43:49.413827
459,Rosa,Torres,20400458,cliento458@gmail.com,907000458,2025-07-09 18:10:05.087792
460,Rosa,García,20400459,cliento459@gmail.com,907000459,2024-10-14 04:36:26.780442
461,Lucía,García,20400460,cliento460@gmail.com,907000460,2025-04-08 00:10:56.259277
462,Diana,Cruz,20400461,cliento461@gmail.com,907000461,2025-08-08 08:08:04.09083
463,Lucía,Ramírez,20400462,cliento462@gmail.com,907000462,2024-12-11 10:12:50.853712
464,Carlos,Salazar,20400463,cliento463@gmail.com,907000463,2025-04-08 02:39:36.55496
465,Juan,Flores,20400464,cliento464@gmail.com,907000464,2025-04-29 19:39:57.455085
466,Rosa,Ramírez,20400465,cliento465@gmail.com,907000465,2024-12-17 08:43:07.31973
467,Diana,Rojas,20400466,cliento466@gmail.com,907000466,2025-04-06 13:54:08.803761
468,Diana,Gómez,20400467,cliento467@gmail.com,907000467,2024-11-23 20:52:22.965096
469,Lucía,Rojas,20400468,cliento468@gmail.com,907000468,2025-03-15 06:29:29.461303
470,Juan,Ramírez,20400469,cliento469@gmail.com,907000469,2025-06-25 03:46:32.548526
471,María,Cruz,20400470,cliento470@gmail.com,907000470,2025-01-03 08:56:39.426439
472,Pedro,Salazar,20400471,cliento471@gmail.com,907000471,2024-10-23 08:26:30.113234
473,Lucía,Flores,20400472,cliento472@gmail.com,907000472,2024-12-10 10:58:51.303359
474,José,García,20400473,cliento473@gmail.com,907000473,2024-12-31 21:57:03.435926
475,Lucía,Pérez,20400474,cliento474@gmail.com,907000474,2024-12-12 11:08:31.121299
476,Diana,Pérez,20400475,cliento475@gmail.com,907000475,2025-03-15 10:00:24.3634
477,Pedro,Rojas,20400476,cliento476@gmail.com,907000476,2025-01-13 20:04:21.964085
478,Lucía,Rojas,20400477,cliento477@gmail.com,907000477,2025-03-02 10:41:31.585338
479,Pedro,Pérez,20400478,cliento478@gmail.com,907000478,2025-05-23 23:42:39.002914
480,María,Gómez,20400479,cliento479@gmail.com,907000479,2025-08-08 05:40:22.872468
481,Juan,Salazar,20400480,cliento480@gmail.com,907000480,2025-06-05 22:01:51.51736
482,Carlos,Cruz,20400481,cliento481@gmail.com,907000481,2025-02-23 04:26:47.740062
483,Luis,Fernández,20400482,cliento482@gmail.com,907000482,2025-07-10 12:59:51.210966
484,Lucía,Ramírez,20400483,cliento483@gmail.com,907000483,2025-05-16 17:01:27.280939
485,Rosa,Torres,20400484,cliento484@gmail.com,907000484,2025-03-17 05:22:15.840532
486,José,Gómez,20400485,cliento485@gmail.com,907000485,2025-02-03 03:29:44.020246
487,Rosa,Ramírez,20400486,cliento486@gmail.com,907000486,2025-05-18 19:17:25.608498
488,Rosa,Ramírez,20400487,cliento487@gmail.com,907000487,2025-07-02 05:39:24.968504
489,Diana,Salazar,20400488,cliento488@gmail.com,907000488,2025-01-23 22:48:30.030352
490,Luis,Ramírez,20400489,cliento489@gmail.com,907000489,2025-08-22 17:04:41.284924
491,Luis,Rojas,20400490,cliento490@gmail.com,907000490,2025-04-15 13:56:36.735888
492,Pedro,Cruz,20400491,cliento491@gmail.com,907000491,2024-10-14 16:04:56.166989
493,Lucía,Torres,20400492,cliento492@gmail.com,907000492,2025-05-17 11:05:46.773477
494,Luis,Flores,20400493,cliento493@gmail.com,907000493,2025-08-05 06:34:02.560124
495,José,Rojas,20400494,cliento494@gmail.com,907000494,2025-06-14 15:29:54.388063
496,Diana,Ramírez,20400495,cliento495@gmail.com,907000495,2025-02-16 00:17:41.442303
497,Diana,Cruz,20400496,cliento496@gmail.com,907000496,2025-04-18 08:38:14.577328
498,María,Fernández,20400497,cliento497@gmail.com,907000497,2025-03-31 03:53:11.065028
499,Diana,Cruz,20400498,cliento498@gmail.com,907000498,2025-01-10 09:20:06.872272
500,Luis,Torres,20400499,cliento499@gmail.com,907000499,2025-01-01 18:02:10.421173
501,Carlos,Cruz,20400500,cliento500@gmail.com,907000500,2025-07-12 12:05:29.654666
502,María,Rojas,20400501,cliento501@gmail.com,907000501,2024-12-23 13:45:38.947702
503,Rosa,Gómez,20400502,cliento502@gmail.com,907000502,2024-11-08 07:19:18.010338
504,Pedro,Cruz,20400503,cliento503@gmail.com,907000503,2025-09-02 11:41:31.817077
505,María,Rojas,20400504,cliento504@gmail.com,907000504,2024-12-03 05:24:03.80544
506,Ana,Salazar,20400505,cliento505@gmail.com,907000505,2025-05-08 09:42:35.058101
507,Carlos,Pérez,20400506,cliento506@gmail.com,907000506,2025-08-04 06:23:57.928711
508,María,García,20400507,cliento507@gmail.com,907000507,2024-10-15 05:27:48.288776
509,Rosa,Rojas,20400508,cliento508@gmail.com,907000508,2024-12-10 07:26:37.639526
510,Rosa,Cruz,20400509,cliento509@gmail.com,907000509,2025-08-07 21:26:26.495048
511,José,García,20400510,cliento510@gmail.com,907000510,2025-03-28 23:04:47.783825
512,Luis,Gómez,20400511,cliento511@gmail.com,907000511,2025-02-09 02:52:44.415543
513,Diana,Gómez,20400512,cliento512@gmail.com,907000512,2024-11-21 14:47:46.891739
514,José,Flores,20400513,cliento513@gmail.com,907000513,2024-12-09 19:23:50.006593
515,José,Torres,20400514,cliento514@gmail.com,907000514,2024-11-20 07:37:45.869319
516,José,Fernández,20400515,cliento515@gmail.com,907000515,2025-03-09 00:24:05.861005
517,Pedro,Pérez,20400516,cliento516@gmail.com,907000516,2024-09-30 13:59:08.087244
518,Lucía,Pérez,20400517,cliento517@gmail.com,907000517,2025-08-16 01:50:16.822107
519,Diana,García,20400518,cliento518@gmail.com,907000518,2024-11-12 23:24:42.625654
520,Lucía,Rojas,20400519,cliento519@gmail.com,907000519,2024-10-17 01:22:43.171887
521,Carlos,Fernández,20400520,cliento520@gmail.com,907000520,2024-09-10 04:27:20.479426
522,María,Flores,20400521,cliento521@gmail.com,907000521,2025-04-19 09:18:52.993724
523,Juan,Pérez,20400522,cliento522@gmail.com,907000522,2025-02-05 06:33:14.92899
524,Lucía,Salazar,20400523,cliento523@gmail.com,907000523,2024-12-14 20:30:42.992682
525,Diana,Pérez,20400524,cliento524@gmail.com,907000524,2025-06-30 05:29:24.557669
526,Lucía,Cruz,20400525,cliento525@gmail.com,907000525,2024-11-28 17:58:15.485581
527,José,García,20400526,cliento526@gmail.com,907000526,2025-08-12 02:26:15.774779
528,María,Fernández,20400527,cliento527@gmail.com,907000527,2025-03-17 07:03:20.743622
529,Juan,Cruz,20400528,cliento528@gmail.com,907000528,2025-01-31 06:48:37.333419
530,José,Salazar,20400529,cliento529@gmail.com,907000529,2024-09-24 13:01:05.101999
531,Luis,Ramírez,20400530,cliento530@gmail.com,907000530,2025-04-06 00:20:17.473515
532,Carlos,Salazar,20400531,cliento531@gmail.com,907000531,2025-03-05 10:16:24.118281
533,Juan,Fernández,20400532,cliento532@gmail.com,907000532,2024-09-29 07:46:32.606348
534,Diana,Cruz,20400533,cliento533@gmail.com,907000533,2024-12-25 12:58:19.747308
535,Ana,Flores,20400534,cliento534@gmail.com,907000534,2024-10-02 09:22:37.96454
536,Luis,Fernández,20400535,cliento535@gmail.com,907000535,2025-06-19 13:52:21.968431
537,Pedro,Fernández,20400536,cliento536@gmail.com,907000536,2025-01-10 01:16:57.722983
538,Pedro,Rojas,20400537,cliento537@gmail.com,907000537,2024-10-02 23:08:57.364563
539,Ana,Fernández,20400538,cliento538@gmail.com,907000538,2024-09-24 00:38:18.29963
540,Luis,Torres,20400539,cliento539@gmail.com,907000539,2025-09-04 00:19:10.739995
541,Rosa,Ramírez,20400540,cliento540@gmail.com,907000540,2025-01-20 21:48:23.484095
542,María,Rojas,20400541,cliento541@gmail.com,907000541,2025-02-24 18:19:16.18515
543,Rosa,Torres,20400542,cliento542@gmail.com,907000542,2025-04-17 15:11:17.257166
544,Carlos,Fernández,20400543,cliento543@gmail.com,907000543,2025-02-19 20:23:25.401917
545,Rosa,Ramírez,20400544,cliento544@gmail.com,907000544,2025-07-23 10:27:56.196973
546,Pedro,Gómez,20400545,cliento545@gmail.com,907000545,2024-10-24 12:34:20.80583
547,Luis,Salazar,20400546,cliento546@gmail.com,907000546,2025-06-07 13:24:03.218412
548,Rosa,Torres,20400547,cliento547@gmail.com,907000547,2025-03-23 13:18:06.625816
549,Carlos,Cruz,20400548,cliento548@gmail.com,907000548,2025-05-06 09:11:41.658037
550,Diana,Salazar,20400549,cliento549@gmail.com,907000549,2024-09-30 12:18:55.065504
551,José,Cruz,20400550,cliento550@gmail.com,907000550,2025-04-04 00:06:50.006862
552,Lucía,Salazar,20400551,cliento551@gmail.com,907000551,2025-07-08 10:06:40.347822
553,Luis,Flores,20400552,cliento552@gmail.com,907000552,2025-06-08 18:29:09.619146
554,Carlos,Gómez,20400553,cliento553@gmail.com,907000553,2025-02-22 20:37:32.950851
555,José,Flores,20400554,cliento554@gmail.com,907000554,2024-10-06 10:46:12.328152
556,Rosa,García,20400555,cliento555@gmail.com,907000555,2025-04-08 06:26:59.14643
557,Lucía,Salazar,20400556,cliento556@gmail.com,907000556,2025-03-17 01:00:39.150217
558,Carlos,Salazar,20400557,cliento557@gmail.com,907000557,2025-01-30 10:03:45.330856
559,Juan,Pérez,20400558,cliento558@gmail.com,907000558,2025-05-23 17:13:11.434321
560,Carlos,Pérez,20400559,cliento559@gmail.com,907000559,2024-09-12 01:10:07.472895
561,María,Gómez,20400560,cliento560@gmail.com,907000560,2024-09-10 03:55:36.414237
562,Rosa,Torres,20400561,cliento561@gmail.com,907000561,2024-12-10 15:54:18.302406
563,Juan,Cruz,20400562,cliento562@gmail.com,907000562,2025-04-23 03:03:50.779798
564,Ana,Fernández,20400563,cliento563@gmail.com,907000563,2025-05-19 23:20:43.614673
565,Diana,Cruz,20400564,cliento564@gmail.com,907000564,2025-06-15 19:40:58.571661
566,Pedro,Flores,20400565,cliento565@gmail.com,907000565,2024-09-28 01:48:54.096148
567,Rosa,Pérez,20400566,cliento566@gmail.com,907000566,2025-06-14 11:24:26.455839
568,José,Pérez,20400567,cliento567@gmail.com,907000567,2025-03-03 13:31:50.318957
569,Ana,Flores,20400568,cliento568@gmail.com,907000568,2024-12-21 12:14:46.431521
570,Pedro,Ramírez,20400569,cliento569@gmail.com,907000569,2025-08-01 22:26:23.393352
571,Carlos,Gómez,20400570,cliento570@gmail.com,907000570,2025-02-03 12:54:25.391347
572,María,Pérez,20400571,cliento571@gmail.com,907000571,2024-10-06 22:05:56.363279
573,Lucía,Flores,20400572,cliento572@gmail.com,907000572,2024-09-16 03:59:14.026985
574,María,Pérez,20400573,cliento573@gmail.com,907000573,2024-10-15 14:09:46.964856
575,María,Gómez,20400574,cliento574@gmail.com,907000574,2025-05-19 09:53:02.718031
576,Ana,García,20400575,cliento575@gmail.com,907000575,2025-06-15 08:12:53.165997
577,Pedro,Pérez,20400576,cliento576@gmail.com,907000576,2024-10-18 21:06:44.929757
578,Juan,Torres,20400577,cliento577@gmail.com,907000577,2024-10-31 02:47:17.444243
579,Rosa,Fernández,20400578,cliento578@gmail.com,907000578,2025-04-02 00:13:31.897992
580,Rosa,Rojas,20400579,cliento579@gmail.com,907000579,2024-11-09 20:35:38.113065
581,María,Rojas,20400580,cliento580@gmail.com,907000580,2025-07-04 09:04:08.790536
582,Lucía,Gómez,20400581,cliento581@gmail.com,907000581,2025-03-20 13:52:50.635871
583,Lucía,Rojas,20400582,cliento582@gmail.com,907000582,2024-09-07 03:46:10.768207
584,Carlos,Torres,20400583,cliento583@gmail.com,907000583,2024-10-08 20:22:42.231119
585,Pedro,García,20400584,cliento584@gmail.com,907000584,2025-01-09 22:23:09.381228
586,Pedro,Cruz,20400585,cliento585@gmail.com,907000585,2024-10-22 03:21:58.249293
587,Carlos,García,20400586,cliento586@gmail.com,907000586,2025-03-01 07:08:41.463706
588,Rosa,Rojas,20400587,cliento587@gmail.com,907000587,2025-04-15 17:40:31.077295
589,Carlos,Salazar,20400588,cliento588@gmail.com,907000588,2025-09-05 05:59:02.229499
590,Juan,Gómez,20400589,cliento589@gmail.com,907000589,2024-10-23 00:11:04.333445
591,Carlos,Ramírez,20400590,cliento590@gmail.com,907000590,2024-09-07 10:24:14.52959
592,Rosa,Torres,20400591,cliento591@gmail.com,907000591,2025-04-30 11:58:12.022512
593,Diana,Pérez,20400592,cliento592@gmail.com,907000592,2025-07-24 04:32:56.391283
594,Pedro,Ramírez,20400593,cliento593@gmail.com,907000593,2025-02-13 17:06:26.124608
595,Ana,Cruz,20400594,cliento594@gmail.com,907000594,2025-06-02 07:17:32.581555
596,Carlos,García,20400595,cliento595@gmail.com,907000595,2025-07-14 06:34:05.910521
597,Pedro,Flores,20400596,cliento596@gmail.com,907000596,2024-09-29 18:22:08.483165
598,José,Fernández,20400597,cliento597@gmail.com,907000597,2025-01-11 12:17:18.442605
599,Rosa,Gómez,20400598,cliento598@gmail.com,907000598,2025-03-25 12:48:25.927902
600,Carlos,Flores,20400599,cliento599@gmail.com,907000599,2025-04-17 10:34:30.998088
601,José,Gómez,20400600,cliento600@gmail.com,907000600,2024-11-21 00:18:26.983292
602,Ana,Ramírez,20400601,cliento601@gmail.com,907000601,2025-04-02 13:57:22.483451
603,Diana,Torres,20400602,cliento602@gmail.com,907000602,2025-07-30 03:30:49.124757
604,Diana,Rojas,20400603,cliento603@gmail.com,907000603,2025-05-09 16:05:25.926156
605,Diana,Flores,20400604,cliento604@gmail.com,907000604,2025-01-16 08:03:39.457227
606,José,Torres,20400605,cliento605@gmail.com,907000605,2025-04-13 23:13:24.975887
607,Rosa,Fernández,20400606,cliento606@gmail.com,907000606,2025-07-04 20:21:00.051065
608,Pedro,Fernández,20400607,cliento607@gmail.com,907000607,2025-05-31 01:39:00.805614
609,Ana,García,20400608,cliento608@gmail.com,907000608,2025-07-09 16:57:09.559889
610,Carlos,Ramírez,20400609,cliento609@gmail.com,907000609,2024-12-27 17:52:06.769725
611,María,Cruz,20400610,cliento610@gmail.com,907000610,2025-06-07 23:50:37.513275
612,Juan,Torres,20400611,cliento611@gmail.com,907000611,2025-05-07 22:44:18.74963
613,Carlos,Gómez,20400612,cliento612@gmail.com,907000612,2024-10-22 00:02:27.078208
614,Diana,García,20400613,cliento613@gmail.com,907000613,2025-04-06 23:48:50.356068
615,Diana,Pérez,20400614,cliento614@gmail.com,907000614,2025-03-04 22:13:59.969628
616,José,Fernández,20400615,cliento615@gmail.com,907000615,2025-01-15 18:17:29.026777
617,José,Salazar,20400616,cliento616@gmail.com,907000616,2025-03-04 22:51:28.074032
618,Carlos,Ramírez,20400617,cliento617@gmail.com,907000617,2025-01-30 20:27:28.927237
619,Lucía,Salazar,20400618,cliento618@gmail.com,907000618,2025-07-29 16:03:23.328528
620,Carlos,Ramírez,20400619,cliento619@gmail.com,907000619,2025-05-03 04:58:59.388656
621,José,Salazar,20400620,cliento620@gmail.com,907000620,2025-01-18 15:12:48.044794
622,Luis,Torres,20400621,cliento621@gmail.com,907000621,2024-11-12 05:51:38.361897
623,Diana,Ramírez,20400622,cliento622@gmail.com,907000622,2024-10-27 17:05:48.774144
624,Diana,Gómez,20400623,cliento623@gmail.com,907000623,2024-12-26 00:50:55.525471
625,Diana,Fernández,20400624,cliento624@gmail.com,907000624,2024-11-02 15:32:08.876211
626,José,Ramírez,20400625,cliento625@gmail.com,907000625,2024-10-17 04:53:03.459159
627,Lucía,Gómez,20400626,cliento626@gmail.com,907000626,2025-06-22 07:44:04.488475
628,Diana,Rojas,20400627,cliento627@gmail.com,907000627,2025-08-07 05:32:30.083708
629,Luis,Torres,20400628,cliento628@gmail.com,907000628,2025-05-07 22:47:50.269463
630,María,García,20400629,cliento629@gmail.com,907000629,2024-12-10 06:48:03.197378
631,Luis,Gómez,20400630,cliento630@gmail.com,907000630,2024-12-16 08:30:12.028109
632,María,García,20400631,cliento631@gmail.com,907000631,2025-04-09 17:25:16.563161
633,Carlos,Cruz,20400632,cliento632@gmail.com,907000632,2024-12-28 09:09:03.762652
634,Ana,Rojas,20400633,cliento633@gmail.com,907000633,2025-03-02 02:18:54.203665
635,Rosa,Ramírez,20400634,cliento634@gmail.com,907000634,2025-07-27 13:27:28.583314
636,Diana,Gómez,20400635,cliento635@gmail.com,907000635,2024-10-09 10:16:17.666096
637,Lucía,Gómez,20400636,cliento636@gmail.com,907000636,2025-05-29 14:57:52.663796
638,Diana,Cruz,20400637,cliento637@gmail.com,907000637,2025-02-08 05:40:01.53846
639,María,García,20400638,cliento638@gmail.com,907000638,2025-04-11 10:10:41.250133
640,María,Ramírez,20400639,cliento639@gmail.com,907000639,2024-09-19 19:20:00.077764
641,Lucía,Torres,20400640,cliento640@gmail.com,907000640,2024-09-25 21:26:25.852828
642,Juan,Fernández,20400641,cliento641@gmail.com,907000641,2025-05-04 03:07:49.343402
643,Rosa,Torres,20400642,cliento642@gmail.com,907000642,2025-08-05 18:01:36.515734
644,Diana,Rojas,20400643,cliento643@gmail.com,907000643,2025-04-16 05:14:52.38448
645,Rosa,Salazar,20400644,cliento644@gmail.com,907000644,2025-07-01 08:31:00.95167
646,Diana,Salazar,20400645,cliento645@gmail.com,907000645,2024-12-22 23:45:32.301294
647,Ana,Salazar,20400646,cliento646@gmail.com,907000646,2025-03-10 20:21:08.554583
648,Juan,Gómez,20400647,cliento647@gmail.com,907000647,2024-09-30 18:00:58.259037
649,Luis,Cruz,20400648,cliento648@gmail.com,907000648,2024-12-05 00:45:39.546504
650,Ana,Salazar,20400649,cliento649@gmail.com,907000649,2025-02-04 17:39:40.31329
651,Juan,Fernández,20400650,cliento650@gmail.com,907000650,2025-07-22 13:24:36.886322
652,Carlos,Flores,20400651,cliento651@gmail.com,907000651,2024-12-19 09:11:39.281474
653,Ana,Flores,20400652,cliento652@gmail.com,907000652,2025-05-05 20:17:53.544442
654,María,Pérez,20400653,cliento653@gmail.com,907000653,2025-07-01 02:32:21.038958
655,Luis,García,20400654,cliento654@gmail.com,907000654,2025-05-29 15:52:30.888688
656,José,Rojas,20400655,cliento655@gmail.com,907000655,2024-09-22 10:37:38.613265
657,María,Cruz,20400656,cliento656@gmail.com,907000656,2025-08-08 05:21:47.595323
658,Lucía,Ramírez,20400657,cliento657@gmail.com,907000657,2024-10-28 11:49:11.064041
659,Juan,Salazar,20400658,cliento658@gmail.com,907000658,2025-07-14 23:57:23.362184
660,José,Fernández,20400659,cliento659@gmail.com,907000659,2024-10-24 21:33:13.528391
661,Lucía,Torres,20400660,cliento660@gmail.com,907000660,2025-02-28 19:39:52.920399
662,María,Fernández,20400661,cliento661@gmail.com,907000661,2024-10-10 14:55:41.119089
663,Carlos,Rojas,20400662,cliento662@gmail.com,907000662,2025-05-12 07:04:59.007443
664,Lucía,Cruz,20400663,cliento663@gmail.com,907000663,2025-02-06 14:26:15.327552
665,Carlos,Fernández,20400664,cliento664@gmail.com,907000664,2025-07-29 02:59:53.98183
666,María,Cruz,20400665,cliento665@gmail.com,907000665,2025-02-27 23:28:45.310544
667,María,Torres,20400666,cliento666@gmail.com,907000666,2024-12-20 15:09:27.317687
668,Luis,Gómez,20400667,cliento667@gmail.com,907000667,2025-03-22 11:45:38.99306
669,Diana,Pérez,20400668,cliento668@gmail.com,907000668,2024-09-25 06:56:34.911937
670,Diana,Gómez,20400669,cliento669@gmail.com,907000669,2025-01-29 20:30:32.201241
671,Carlos,Flores,20400670,cliento670@gmail.com,907000670,2024-12-12 14:50:03.044463
672,María,Fernández,20400671,cliento671@gmail.com,907000671,2024-10-14 22:33:02.948968
673,José,Gómez,20400672,cliento672@gmail.com,907000672,2025-02-07 19:07:27.954602
674,José,Salazar,20400673,cliento673@gmail.com,907000673,2025-01-08 20:03:57.051704
675,Luis,Ramírez,20400674,cliento674@gmail.com,907000674,2025-07-29 09:27:58.375271
676,María,Torres,20400675,cliento675@gmail.com,907000675,2025-05-03 20:54:47.432441
677,Ana,Torres,20400676,cliento676@gmail.com,907000676,2024-12-30 01:58:15.362656
678,Carlos,Ramírez,20400677,cliento677@gmail.com,907000677,2025-03-03 12:31:37.626226
679,José,Cruz,20400678,cliento678@gmail.com,907000678,2024-11-08 12:23:29.769414
680,José,Rojas,20400679,cliento679@gmail.com,907000679,2024-11-18 10:09:23.710419
681,María,Salazar,20400680,cliento680@gmail.com,907000680,2024-12-21 19:05:15.187535
682,María,Torres,20400681,cliento681@gmail.com,907000681,2025-08-24 14:32:52.841653
683,Juan,Ramírez,20400682,cliento682@gmail.com,907000682,2025-05-20 14:34:28.982007
684,Ana,Flores,20400683,cliento683@gmail.com,907000683,2025-08-15 02:49:58.038509
685,Juan,Gómez,20400684,cliento684@gmail.com,907000684,2025-02-05 12:59:44.726572
686,Lucía,Fernández,20400685,cliento685@gmail.com,907000685,2024-09-10 23:31:07.052061
687,Diana,Torres,20400686,cliento686@gmail.com,907000686,2024-12-03 09:27:00.086692
688,Carlos,Salazar,20400687,cliento687@gmail.com,907000687,2024-10-16 06:07:56.014347
689,Lucía,Cruz,20400688,cliento688@gmail.com,907000688,2025-04-25 15:58:46.553345
690,Ana,Flores,20400689,cliento689@gmail.com,907000689,2024-12-13 20:21:50.974385
691,Juan,Cruz,20400690,cliento690@gmail.com,907000690,2024-09-10 06:00:46.480634
692,José,Salazar,20400691,cliento691@gmail.com,907000691,2025-07-19 14:18:04.011435
693,Lucía,García,20400692,cliento692@gmail.com,907000692,2024-10-15 15:29:33.462263
694,José,García,20400693,cliento693@gmail.com,907000693,2024-10-10 12:02:46.625373
695,José,Pérez,20400694,cliento694@gmail.com,907000694,2024-11-02 13:20:17.530397
696,Carlos,Gómez,20400695,cliento695@gmail.com,907000695,2025-08-28 21:01:02.207721
697,Rosa,Cruz,20400696,cliento696@gmail.com,907000696,2024-10-08 12:09:46.047345
698,Ana,Flores,20400697,cliento697@gmail.com,907000697,2025-08-08 17:51:34.580755
699,Lucía,Fernández,20400698,cliento698@gmail.com,907000698,2024-10-19 14:20:53.238459
700,María,García,20400699,cliento699@gmail.com,907000699,2025-02-17 18:02:33.249337
701,Lucía,Cruz,20400700,cliento700@gmail.com,907000700,2025-04-21 08:55:45.484781
702,José,García,20400701,cliento701@gmail.com,907000701,2025-06-06 04:08:10.877739
703,Pedro,Gómez,20400702,cliento702@gmail.com,907000702,2024-10-23 12:34:01.609555
704,Diana,Flores,20400703,cliento703@gmail.com,907000703,2025-04-25 07:49:30.004802
705,Rosa,Salazar,20400704,cliento704@gmail.com,907000704,2024-10-29 07:06:38.149037
706,José,Ramírez,20400705,cliento705@gmail.com,907000705,2024-10-04 16:50:09.537582
707,María,Salazar,20400706,cliento706@gmail.com,907000706,2025-01-19 01:16:43.368468
708,Pedro,Torres,20400707,cliento707@gmail.com,907000707,2025-08-09 22:39:41.213638
709,José,Fernández,20400708,cliento708@gmail.com,907000708,2025-01-20 03:12:40.43833
710,Ana,Cruz,20400709,cliento709@gmail.com,907000709,2024-12-15 03:41:09.067474
711,José,Rojas,20400710,cliento710@gmail.com,907000710,2025-05-08 12:05:34.639167
712,José,Salazar,20400711,cliento711@gmail.com,907000711,2025-01-18 12:09:20.818168
713,Lucía,Torres,20400712,cliento712@gmail.com,907000712,2024-09-15 07:39:19.180898
714,José,García,20400713,cliento713@gmail.com,907000713,2024-12-10 21:50:54.320138
715,Luis,Gómez,20400714,cliento714@gmail.com,907000714,2025-01-11 13:58:03.896119
716,José,Pérez,20400715,cliento715@gmail.com,907000715,2025-04-14 13:27:16.512279
717,Juan,García,20400716,cliento716@gmail.com,907000716,2025-08-28 09:17:21.255705
718,Luis,Flores,20400717,cliento717@gmail.com,907000717,2024-11-29 00:03:45.742682
719,Juan,Cruz,20400718,cliento718@gmail.com,907000718,2025-04-28 12:30:46.582943
720,María,Ramírez,20400719,cliento719@gmail.com,907000719,2025-01-19 18:36:33.882265
721,Pedro,Cruz,20400720,cliento720@gmail.com,907000720,2024-10-07 23:50:21.695014
722,Carlos,Fernández,20400721,cliento721@gmail.com,907000721,2025-08-13 19:46:16.420959
723,Rosa,Pérez,20400722,cliento722@gmail.com,907000722,2024-09-19 01:02:19.262626
724,Pedro,Salazar,20400723,cliento723@gmail.com,907000723,2025-08-30 14:15:24.636743
725,Diana,Ramírez,20400724,cliento724@gmail.com,907000724,2025-08-18 17:41:44.375159
726,Carlos,Gómez,20400725,cliento725@gmail.com,907000725,2024-11-02 20:19:19.397821
727,Pedro,Fernández,20400726,cliento726@gmail.com,907000726,2025-06-16 03:03:27.039818
728,Lucía,Ramírez,20400727,cliento727@gmail.com,907000727,2025-05-26 01:26:24.840117
729,Carlos,Pérez,20400728,cliento728@gmail.com,907000728,2025-04-03 05:11:55.917141
730,José,Salazar,20400729,cliento729@gmail.com,907000729,2024-10-09 11:09:37.897086
731,Ana,Gómez,20400730,cliento730@gmail.com,907000730,2025-06-15 19:11:39.803248
732,Lucía,Salazar,20400731,cliento731@gmail.com,907000731,2024-11-24 05:46:23.918917
733,Lucía,Salazar,20400732,cliento732@gmail.com,907000732,2024-09-22 17:45:08.262203
734,Rosa,Torres,20400733,cliento733@gmail.com,907000733,2025-01-18 06:33:17.449285
735,Juan,Flores,20400734,cliento734@gmail.com,907000734,2024-11-12 09:52:02.7159
736,Juan,Fernández,20400735,cliento735@gmail.com,907000735,2025-06-24 07:56:06.500714
737,Rosa,Cruz,20400736,cliento736@gmail.com,907000736,2024-10-08 23:54:10.029241
738,Carlos,Fernández,20400737,cliento737@gmail.com,907000737,2025-02-08 10:06:39.587365
739,Diana,Flores,20400738,cliento738@gmail.com,907000738,2025-06-04 12:22:11.708927
740,Lucía,Flores,20400739,cliento739@gmail.com,907000739,2025-03-05 19:06:49.872992
741,Carlos,Flores,20400740,cliento740@gmail.com,907000740,2025-02-06 07:24:39.357763
742,Lucía,Flores,20400741,cliento741@gmail.com,907000741,2025-02-19 10:22:33.915466
743,María,Flores,20400742,cliento742@gmail.com,907000742,2025-03-15 14:49:46.419225
744,Pedro,García,20400743,cliento743@gmail.com,907000743,2024-10-19 01:52:55.85006
745,Rosa,Ramírez,20400744,cliento744@gmail.com,907000744,2024-12-27 23:34:59.755904
746,Ana,Cruz,20400745,cliento745@gmail.com,907000745,2025-02-15 23:37:16.664168
747,Diana,Rojas,20400746,cliento746@gmail.com,907000746,2025-02-14 19:27:10.535449
748,Carlos,Pérez,20400747,cliento747@gmail.com,907000747,2025-03-20 23:57:23.480449
749,Lucía,García,20400748,cliento748@gmail.com,907000748,2025-05-17 14:02:21.622171
750,Luis,Flores,20400749,cliento749@gmail.com,907000749,2025-02-16 11:46:39.441795
751,Pedro,Salazar,20400750,cliento750@gmail.com,907000750,2025-06-05 16:48:35.87038
752,José,Gómez,20400751,cliento751@gmail.com,907000751,2024-11-26 13:03:32.893918
753,Juan,Gómez,20400752,cliento752@gmail.com,907000752,2025-06-10 05:50:17.271465
754,Carlos,Cruz,20400753,cliento753@gmail.com,907000753,2025-01-04 14:13:49.541111
755,María,Gómez,20400754,cliento754@gmail.com,907000754,2025-01-19 12:33:45.89886
756,Luis,Ramírez,20400755,cliento755@gmail.com,907000755,2025-09-05 23:41:33.456084
757,José,Rojas,20400756,cliento756@gmail.com,907000756,2025-03-31 15:02:59.858668
758,María,García,20400757,cliento757@gmail.com,907000757,2025-06-11 01:37:58.094656
759,Carlos,Cruz,20400758,cliento758@gmail.com,907000758,2025-04-13 22:45:28.218913
760,Luis,Ramírez,20400759,cliento759@gmail.com,907000759,2025-01-03 05:29:33.361792
761,Ana,Ramírez,20400760,cliento760@gmail.com,907000760,2025-02-25 20:54:38.992903
762,Ana,Cruz,20400761,cliento761@gmail.com,907000761,2025-08-18 01:05:38.245152
763,Ana,García,20400762,cliento762@gmail.com,907000762,2025-05-19 23:43:42.908917
764,Lucía,Rojas,20400763,cliento763@gmail.com,907000763,2025-04-09 16:07:49.999113
765,Pedro,Rojas,20400764,cliento764@gmail.com,907000764,2025-01-15 21:23:49.006148
766,Lucía,Ramírez,20400765,cliento765@gmail.com,907000765,2025-03-07 11:33:43.181454
767,Luis,Flores,20400766,cliento766@gmail.com,907000766,2024-11-16 15:35:42.656244
768,María,Flores,20400767,cliento767@gmail.com,907000767,2024-12-07 14:57:38.54635
769,Luis,Ramírez,20400768,cliento768@gmail.com,907000768,2025-06-16 18:40:27.584801
770,Carlos,Cruz,20400769,cliento769@gmail.com,907000769,2025-06-29 07:22:13.233576
771,Diana,Gómez,20400770,cliento770@gmail.com,907000770,2024-11-25 02:47:20.801779
772,Lucía,García,20400771,cliento771@gmail.com,907000771,2025-01-03 19:49:02.450655
773,Diana,García,20400772,cliento772@gmail.com,907000772,2025-04-10 11:43:42.63837
774,Lucía,Ramírez,20400773,cliento773@gmail.com,907000773,2025-07-01 01:26:06.087667
775,Ana,Cruz,20400774,cliento774@gmail.com,907000774,2024-12-14 12:50:54.95962
776,Diana,Rojas,20400775,cliento775@gmail.com,907000775,2025-01-21 23:48:26.932472
777,Pedro,Flores,20400776,cliento776@gmail.com,907000776,2025-07-25 05:10:02.851606
778,Pedro,García,20400777,cliento777@gmail.com,907000777,2025-09-02 15:09:40.571147
779,Diana,Cruz,20400778,cliento778@gmail.com,907000778,2025-03-18 04:59:37.524629
780,Rosa,Cruz,20400779,cliento779@gmail.com,907000779,2024-09-13 17:10:10.927678
781,Lucía,García,20400780,cliento780@gmail.com,907000780,2025-05-10 03:24:43.37097
782,María,Salazar,20400781,cliento781@gmail.com,907000781,2024-11-19 18:19:33.845015
783,José,García,20400782,cliento782@gmail.com,907000782,2025-06-17 22:02:42.277311
784,Rosa,Flores,20400783,cliento783@gmail.com,907000783,2024-12-31 18:23:51.080651
785,Rosa,Flores,20400784,cliento784@gmail.com,907000784,2024-09-15 13:10:45.44228
786,Diana,Torres,20400785,cliento785@gmail.com,907000785,2025-06-07 12:24:34.945622
787,Lucía,Ramírez,20400786,cliento786@gmail.com,907000786,2024-12-21 12:04:28.417204
788,Ana,Pérez,20400787,cliento787@gmail.com,907000787,2025-05-23 23:58:50.62229
789,Diana,Flores,20400788,cliento788@gmail.com,907000788,2024-11-23 23:44:45.767174
790,Luis,Pérez,20400789,cliento789@gmail.com,907000789,2025-06-27 11:30:37.683801
791,Juan,Rojas,20400790,cliento790@gmail.com,907000790,2024-09-25 02:25:37.716029
792,Luis,Rojas,20400791,cliento791@gmail.com,907000791,2025-06-09 17:02:25.248114
793,Diana,Cruz,20400792,cliento792@gmail.com,907000792,2024-09-19 21:53:00.795617
794,Luis,Rojas,20400793,cliento793@gmail.com,907000793,2025-06-30 02:17:56.563198
795,Pedro,García,20400794,cliento794@gmail.com,907000794,2024-09-10 08:16:57.23141
796,Juan,Gómez,20400795,cliento795@gmail.com,907000795,2025-08-22 12:21:31.026187
797,María,Rojas,20400796,cliento796@gmail.com,907000796,2024-10-25 09:22:31.493932
798,Ana,Pérez,20400797,cliento797@gmail.com,907000797,2025-06-29 18:59:21.421165
799,Carlos,Flores,20400798,cliento798@gmail.com,907000798,2024-11-10 18:39:35.202845
800,Lucía,Torres,20400799,cliento799@gmail.com,907000799,2024-12-29 00:01:07.559335
801,Carlos,Rojas,20400800,cliento800@gmail.com,907000800,2025-02-21 15:40:51.689195
802,Juan,Fernández,20400801,cliento801@gmail.com,907000801,2025-07-09 07:20:27.68523
803,Ana,Flores,20400802,cliento802@gmail.com,907000802,2025-02-10 04:30:19.214781
804,Ana,Torres,20400803,cliento803@gmail.com,907000803,2025-07-11 18:01:07.417911
805,Lucía,Cruz,20400804,cliento804@gmail.com,907000804,2024-12-08 13:39:26.330104
806,Lucía,Ramírez,20400805,cliento805@gmail.com,907000805,2025-07-14 05:08:40.162136
807,Juan,Gómez,20400806,cliento806@gmail.com,907000806,2025-03-04 08:59:34.824084
808,Pedro,Gómez,20400807,cliento807@gmail.com,907000807,2025-04-12 09:19:12.005992
809,Diana,Ramírez,20400808,cliento808@gmail.com,907000808,2025-07-23 14:11:23.983954
810,Diana,Torres,20400809,cliento809@gmail.com,907000809,2025-08-01 01:09:25.920103
811,Pedro,Cruz,20400810,cliento810@gmail.com,907000810,2025-07-07 21:17:11.442913
812,Juan,Salazar,20400811,cliento811@gmail.com,907000811,2024-10-29 07:31:18.515093
813,María,Flores,20400812,cliento812@gmail.com,907000812,2025-02-13 00:14:32.664003
814,Carlos,Rojas,20400813,cliento813@gmail.com,907000813,2024-10-10 13:13:24.54758
815,Luis,Flores,20400814,cliento814@gmail.com,907000814,2025-03-04 19:21:33.394558
816,Ana,Salazar,20400815,cliento815@gmail.com,907000815,2025-07-30 06:18:47.169646
817,María,Rojas,20400816,cliento816@gmail.com,907000816,2024-09-08 23:48:09.954457
818,Luis,Pérez,20400817,cliento817@gmail.com,907000817,2024-09-14 09:36:37.259151
819,Pedro,Gómez,20400818,cliento818@gmail.com,907000818,2025-05-27 06:43:22.899078
820,Rosa,Flores,20400819,cliento819@gmail.com,907000819,2024-12-24 11:46:46.245339
821,José,Torres,20400820,cliento820@gmail.com,907000820,2024-10-07 06:11:58.417627
822,Carlos,Flores,20400821,cliento821@gmail.com,907000821,2025-08-17 17:31:17.779131
823,Luis,Ramírez,20400822,cliento822@gmail.com,907000822,2024-10-06 06:56:37.409932
824,Rosa,Rojas,20400823,cliento823@gmail.com,907000823,2025-07-11 09:11:25.578121
825,María,Pérez,20400824,cliento824@gmail.com,907000824,2025-01-26 15:41:10.919938
826,Carlos,Fernández,20400825,cliento825@gmail.com,907000825,2024-09-21 21:26:55.471596
827,Diana,Flores,20400826,cliento826@gmail.com,907000826,2025-02-10 10:53:15.246293
828,Rosa,García,20400827,cliento827@gmail.com,907000827,2024-10-06 19:22:10.300893
829,Juan,Rojas,20400828,cliento828@gmail.com,907000828,2025-03-23 22:09:06.785035
830,María,Flores,20400829,cliento829@gmail.com,907000829,2024-12-31 05:30:30.578615
831,Juan,Fernández,20400830,cliento830@gmail.com,907000830,2025-04-19 20:36:35.501468
832,Lucía,Ramírez,20400831,cliento831@gmail.com,907000831,2024-12-31 15:21:18.813341
833,Carlos,Rojas,20400832,cliento832@gmail.com,907000832,2024-11-14 00:09:29.865759
834,Diana,Salazar,20400833,cliento833@gmail.com,907000833,2024-12-02 00:19:06.181498
835,Rosa,García,20400834,cliento834@gmail.com,907000834,2025-09-06 22:15:38.197929
836,José,Gómez,20400835,cliento835@gmail.com,907000835,2025-09-03 23:25:10.373145
837,Luis,Pérez,20400836,cliento836@gmail.com,907000836,2024-09-22 15:28:48.829836
838,Pedro,Rojas,20400837,cliento837@gmail.com,907000837,2025-02-09 10:03:24.322467
839,Luis,Ramírez,20400838,cliento838@gmail.com,907000838,2025-09-04 04:24:23.479699
840,Diana,Fernández,20400839,cliento839@gmail.com,907000839,2025-05-08 09:00:09.488409
841,Diana,Gómez,20400840,cliento840@gmail.com,907000840,2025-03-05 05:19:04.312702
842,Rosa,Gómez,20400841,cliento841@gmail.com,907000841,2025-05-26 11:36:29.303285
843,Juan,Pérez,20400842,cliento842@gmail.com,907000842,2024-12-31 06:10:52.124406
844,Rosa,Pérez,20400843,cliento843@gmail.com,907000843,2025-06-23 08:08:13.367872
845,Juan,Rojas,20400844,cliento844@gmail.com,907000844,2025-07-09 16:48:34.663605
846,Luis,García,20400845,cliento845@gmail.com,907000845,2024-12-07 22:07:12.736342
847,Luis,Ramírez,20400846,cliento846@gmail.com,907000846,2025-03-11 15:39:33.020979
848,Juan,Gómez,20400847,cliento847@gmail.com,907000847,2025-02-06 20:02:22.48365
849,Ana,Gómez,20400848,cliento848@gmail.com,907000848,2024-09-11 08:37:22.097415
850,Juan,Pérez,20400849,cliento849@gmail.com,907000849,2024-11-13 12:47:50.946802
851,Diana,Fernández,20400850,cliento850@gmail.com,907000850,2025-07-04 13:09:01.116127
852,Lucía,Torres,20400851,cliento851@gmail.com,907000851,2024-10-18 00:22:17.045104
853,Pedro,Cruz,20400852,cliento852@gmail.com,907000852,2024-10-05 00:41:49.181993
854,Diana,Salazar,20400853,cliento853@gmail.com,907000853,2024-10-15 03:22:15.027751
855,Juan,Cruz,20400854,cliento854@gmail.com,907000854,2025-03-06 12:13:24.590429
856,Carlos,Ramírez,20400855,cliento855@gmail.com,907000855,2025-05-12 21:01:22.628381
857,Ana,Gómez,20400856,cliento856@gmail.com,907000856,2025-05-06 09:26:12.15422
858,María,Ramírez,20400857,cliento857@gmail.com,907000857,2025-03-28 23:04:12.165811
859,Pedro,Salazar,20400858,cliento858@gmail.com,907000858,2024-10-25 12:36:42.463869
860,Rosa,García,20400859,cliento859@gmail.com,907000859,2025-05-20 18:04:07.574082
861,Pedro,Rojas,20400860,cliento860@gmail.com,907000860,2024-09-22 06:37:21.040654
862,Ana,Cruz,20400861,cliento861@gmail.com,907000861,2025-04-24 04:16:48.223654
863,Rosa,Cruz,20400862,cliento862@gmail.com,907000862,2025-01-01 11:12:05.487609
864,José,Gómez,20400863,cliento863@gmail.com,907000863,2024-09-10 17:42:15.931229
865,Ana,Salazar,20400864,cliento864@gmail.com,907000864,2025-02-17 06:37:26.64957
866,Luis,Ramírez,20400865,cliento865@gmail.com,907000865,2024-09-28 13:42:46.363129
867,Juan,Torres,20400866,cliento866@gmail.com,907000866,2025-04-24 17:11:52.85247
868,Pedro,Fernández,20400867,cliento867@gmail.com,907000867,2025-04-24 09:07:28.133342
869,Rosa,Fernández,20400868,cliento868@gmail.com,907000868,2025-04-08 19:02:18.988993
870,Pedro,Rojas,20400869,cliento869@gmail.com,907000869,2025-03-02 20:05:20.370423
871,Carlos,Torres,20400870,cliento870@gmail.com,907000870,2024-11-03 02:43:12.577848
872,Diana,Fernández,20400871,cliento871@gmail.com,907000871,2024-10-30 21:37:18.803771
873,Luis,García,20400872,cliento872@gmail.com,907000872,2025-08-02 09:35:38.319949
874,Juan,García,20400873,cliento873@gmail.com,907000873,2024-12-01 08:34:54.756148
875,Rosa,Fernández,20400874,cliento874@gmail.com,907000874,2024-11-02 22:09:35.103982
876,Diana,Torres,20400875,cliento875@gmail.com,907000875,2025-06-06 20:07:25.328445
877,María,Gómez,20400876,cliento876@gmail.com,907000876,2024-09-23 02:10:25.783171
878,Lucía,Pérez,20400877,cliento877@gmail.com,907000877,2025-04-10 16:54:56.118134
879,Carlos,García,20400878,cliento878@gmail.com,907000878,2025-06-12 15:15:38.065837
880,Rosa,Flores,20400879,cliento879@gmail.com,907000879,2025-08-07 01:36:49.161582
881,Juan,Salazar,20400880,cliento880@gmail.com,907000880,2025-03-01 15:56:56.19291
882,José,García,20400881,cliento881@gmail.com,907000881,2025-02-02 04:47:42.248076
883,María,Gómez,20400882,cliento882@gmail.com,907000882,2025-03-20 18:48:29.731092
884,Rosa,Flores,20400883,cliento883@gmail.com,907000883,2025-06-29 21:19:00.650946
885,Rosa,Cruz,20400884,cliento884@gmail.com,907000884,2025-05-16 23:02:05.166334
886,Pedro,Torres,20400885,cliento885@gmail.com,907000885,2025-07-03 16:05:20.909719
887,Diana,Torres,20400886,cliento886@gmail.com,907000886,2025-01-21 20:22:50.590265
888,Rosa,Salazar,20400887,cliento887@gmail.com,907000887,2025-01-19 00:22:13.139595
889,Rosa,Fernández,20400888,cliento888@gmail.com,907000888,2025-04-30 12:02:04.04737
890,Ana,Rojas,20400889,cliento889@gmail.com,907000889,2024-11-12 03:18:01.337307
891,Juan,Cruz,20400890,cliento890@gmail.com,907000890,2025-06-17 20:53:18.634135
892,Lucía,Torres,20400891,cliento891@gmail.com,907000891,2025-02-19 19:57:19.335856
893,Diana,Pérez,20400892,cliento892@gmail.com,907000892,2025-02-16 09:50:50.766951
894,Rosa,Flores,20400893,cliento893@gmail.com,907000893,2025-03-23 07:29:46.48608
895,Luis,Salazar,20400894,cliento894@gmail.com,907000894,2024-11-09 20:12:16.983032
896,Pedro,Rojas,20400895,cliento895@gmail.com,907000895,2024-12-23 21:57:38.272979
897,Juan,Cruz,20400896,cliento896@gmail.com,907000896,2024-12-28 07:09:31.566919
898,Pedro,Salazar,20400897,cliento897@gmail.com,907000897,2025-05-01 19:36:50.053989
899,Lucía,Torres,20400898,cliento898@gmail.com,907000898,2024-11-22 17:51:05.607492
900,Carlos,Ramírez,20400899,cliento899@gmail.com,907000899,2025-02-19 06:18:14.422202
901,Juan,Torres,20400900,cliento900@gmail.com,907000900,2025-01-26 23:30:13.989763
902,Rosa,Pérez,20400901,cliento901@gmail.com,907000901,2025-04-11 20:03:24.393146
903,José,Fernández,20400902,cliento902@gmail.com,907000902,2025-07-07 01:07:25.768842
904,Carlos,Salazar,20400903,cliento903@gmail.com,907000903,2025-08-22 05:05:18.197476
905,Diana,Flores,20400904,cliento904@gmail.com,907000904,2025-01-11 08:46:30.257704
906,José,Pérez,20400905,cliento905@gmail.com,907000905,2025-06-25 19:57:47.531548
907,José,Gómez,20400906,cliento906@gmail.com,907000906,2025-02-21 20:45:46.50562
908,José,Cruz,20400907,cliento907@gmail.com,907000907,2025-04-06 06:38:07.988856
909,Rosa,García,20400908,cliento908@gmail.com,907000908,2025-05-01 01:52:49.727624
910,Carlos,Flores,20400909,cliento909@gmail.com,907000909,2025-01-05 03:05:49.198353
911,Luis,Rojas,20400910,cliento910@gmail.com,907000910,2025-03-14 19:42:06.027475
912,Ana,Torres,20400911,cliento911@gmail.com,907000911,2025-01-01 14:00:07.928919
913,Rosa,Ramírez,20400912,cliento912@gmail.com,907000912,2024-09-11 07:34:04.542098
914,Luis,Fernández,20400913,cliento913@gmail.com,907000913,2024-12-08 15:05:44.079359
915,Diana,Salazar,20400914,cliento914@gmail.com,907000914,2024-12-13 07:29:32.700776
916,Luis,Ramírez,20400915,cliento915@gmail.com,907000915,2024-09-17 05:13:48.3224
917,Diana,Flores,20400916,cliento916@gmail.com,907000916,2025-03-20 14:13:20.177377
918,Luis,Salazar,20400917,cliento917@gmail.com,907000917,2024-11-01 07:40:51.372477
919,María,Gómez,20400918,cliento918@gmail.com,907000918,2025-08-08 00:47:58.478806
920,Juan,Rojas,20400919,cliento919@gmail.com,907000919,2025-09-05 03:13:17.001477
921,Carlos,García,20400920,cliento920@gmail.com,907000920,2024-09-22 14:35:45.475592
922,Luis,Rojas,20400921,cliento921@gmail.com,907000921,2024-12-09 08:01:30.617905
923,Pedro,Pérez,20400922,cliento922@gmail.com,907000922,2025-01-16 06:34:42.036356
924,Ana,Rojas,20400923,cliento923@gmail.com,907000923,2025-07-13 08:37:43.803873
925,Carlos,Pérez,20400924,cliento924@gmail.com,907000924,2025-09-04 18:57:57.356133
926,Ana,Pérez,20400925,cliento925@gmail.com,907000925,2025-02-02 11:08:33.6037
927,María,Rojas,20400926,cliento926@gmail.com,907000926,2025-05-15 21:12:47.238013
928,María,García,20400927,cliento927@gmail.com,907000927,2024-11-02 17:50:40.592425
929,Carlos,Salazar,20400928,cliento928@gmail.com,907000928,2025-05-03 07:04:02.511678
930,Carlos,Gómez,20400929,cliento929@gmail.com,907000929,2025-06-21 18:57:11.502971
931,Pedro,Rojas,20400930,cliento930@gmail.com,907000930,2025-02-06 01:49:53.92148
932,Luis,Gómez,20400931,cliento931@gmail.com,907000931,2024-10-09 09:11:22.801598
933,José,Cruz,20400932,cliento932@gmail.com,907000932,2024-09-29 06:10:38.960928
934,Rosa,Cruz,20400933,cliento933@gmail.com,907000933,2024-11-27 13:21:44.937127
935,Ana,Pérez,20400934,cliento934@gmail.com,907000934,2025-08-07 20:10:29.296924
936,Pedro,Gómez,20400935,cliento935@gmail.com,907000935,2024-11-29 20:16:13.309235
937,José,Ramírez,20400936,cliento936@gmail.com,907000936,2025-01-07 15:35:34.31998
938,María,Torres,20400937,cliento937@gmail.com,907000937,2024-09-25 01:28:05.334042
939,Diana,Torres,20400938,cliento938@gmail.com,907000938,2025-05-27 16:07:25.1074
940,Pedro,Gómez,20400939,cliento939@gmail.com,907000939,2025-04-20 04:42:22.958852
941,Ana,Pérez,20400940,cliento940@gmail.com,907000940,2024-09-26 17:22:02.623142
942,Carlos,Torres,20400941,cliento941@gmail.com,907000941,2025-03-14 10:23:00.872024
943,Rosa,Fernández,20400942,cliento942@gmail.com,907000942,2025-02-22 16:08:50.680872
944,José,Rojas,20400943,cliento943@gmail.com,907000943,2024-10-20 23:12:19.739923
945,Luis,Pérez,20400944,cliento944@gmail.com,907000944,2025-07-07 04:56:15.457962
946,Juan,Gómez,20400945,cliento945@gmail.com,907000945,2025-01-18 16:24:31.585892
947,Carlos,Gómez,20400946,cliento946@gmail.com,907000946,2025-08-08 08:47:16.393659
948,Diana,Fernández,20400947,cliento947@gmail.com,907000947,2025-07-29 22:44:50.823368
949,Rosa,García,20400948,cliento948@gmail.com,907000948,2025-01-13 23:20:31.269705
950,Diana,Pérez,20400949,cliento949@gmail.com,907000949,2024-12-06 10:23:31.843338
951,Juan,Fernández,20400950,cliento950@gmail.com,907000950,2025-04-21 10:33:24.204738
952,Carlos,Flores,20400951,cliento951@gmail.com,907000951,2024-11-28 01:31:37.907373
953,Juan,Rojas,20400952,cliento952@gmail.com,907000952,2025-01-10 20:49:42.734067
954,Rosa,Rojas,20400953,cliento953@gmail.com,907000953,2025-04-02 13:18:56.954837
955,Lucía,Ramírez,20400954,cliento954@gmail.com,907000954,2025-05-21 22:02:07.121607
956,Juan,Torres,20400955,cliento955@gmail.com,907000955,2024-12-21 16:29:38.922319
957,Carlos,Torres,20400956,cliento956@gmail.com,907000956,2025-03-20 20:32:36.40071
958,Carlos,Ramírez,20400957,cliento957@gmail.com,907000957,2025-01-16 18:33:15.426815
959,Pedro,Pérez,20400958,cliento958@gmail.com,907000958,2025-07-21 05:20:13.824233
960,Luis,García,20400959,cliento959@gmail.com,907000959,2025-08-08 02:33:26.67607
961,Carlos,Ramírez,20400960,cliento960@gmail.com,907000960,2024-11-11 10:55:19.723842
962,José,Cruz,20400961,cliento961@gmail.com,907000961,2025-07-26 23:47:20.953794
963,José,Flores,20400962,cliento962@gmail.com,907000962,2025-02-04 14:30:38.671891
964,Luis,García,20400963,cliento963@gmail.com,907000963,2025-06-02 22:12:41.167069
965,Diana,Salazar,20400964,cliento964@gmail.com,907000964,2024-10-29 06:37:42.71791
966,Juan,Pérez,20400965,cliento965@gmail.com,907000965,2025-07-28 07:45:00.85528
967,Pedro,Torres,20400966,cliento966@gmail.com,907000966,2025-08-20 16:22:58.955486
968,María,Rojas,20400967,cliento967@gmail.com,907000967,2025-07-07 06:13:07.248102
969,Luis,Ramírez,20400968,cliento968@gmail.com,907000968,2025-01-05 06:40:36.139058
970,Juan,Ramírez,20400969,cliento969@gmail.com,907000969,2025-06-26 22:10:07.904995
971,Pedro,Cruz,20400970,cliento970@gmail.com,907000970,2025-06-24 09:44:13.521369
972,Luis,Ramírez,20400971,cliento971@gmail.com,907000971,2025-06-25 08:02:20.285689
973,Diana,Salazar,20400972,cliento972@gmail.com,907000972,2025-08-10 12:09:46.018788
974,Carlos,Fernández,20400973,cliento973@gmail.com,907000973,2024-10-03 22:51:56.794889
975,Diana,Torres,20400974,cliento974@gmail.com,907000974,2024-10-30 19:23:31.355748
976,Rosa,Gómez,20400975,cliento975@gmail.com,907000975,2024-11-08 07:20:57.137524
977,Ana,Cruz,20400976,cliento976@gmail.com,907000976,2025-05-22 14:55:53.229781
978,Carlos,Rojas,20400977,cliento977@gmail.com,907000977,2025-03-29 00:28:58.844123
979,Juan,Cruz,20400978,cliento978@gmail.com,907000978,2025-03-18 13:10:00.864163
980,Pedro,Flores,20400979,cliento979@gmail.com,907000979,2024-11-13 21:37:59.67795
981,Carlos,Ramírez,20400980,cliento980@gmail.com,907000980,2025-07-10 13:53:46.930408
982,Pedro,Gómez,20400981,cliento981@gmail.com,907000981,2025-03-06 05:20:12.256679
983,Ana,Pérez,20400982,cliento982@gmail.com,907000982,2024-10-08 14:26:33.559869
984,Juan,García,20400983,cliento983@gmail.com,907000983,2025-03-02 09:05:18.444542
985,Juan,Gómez,20400984,cliento984@gmail.com,907000984,2025-07-19 05:45:21.746375
986,Ana,Gómez,20400985,cliento985@gmail.com,907000985,2025-07-16 15:58:36.575746
987,Juan,Salazar,20400986,cliento986@gmail.com,907000986,2025-07-27 08:21:10.10453
988,Diana,Cruz,20400987,cliento987@gmail.com,907000987,2025-03-22 11:53:40.177131
989,Luis,Torres,20400988,cliento988@gmail.com,907000988,2025-08-15 14:03:42.925247
990,Diana,Ramírez,20400989,cliento989@gmail.com,907000989,2024-10-05 13:52:45.699634
991,Lucía,Torres,20400990,cliento990@gmail.com,907000990,2024-12-02 21:56:49.915409
992,María,Cruz,20400991,cliento991@gmail.com,907000991,2024-10-18 16:41:31.257357
993,Pedro,Torres,20400992,cliento992@gmail.com,907000992,2025-08-17 09:00:00.147882
994,Juan,Rojas,20400993,cliento993@gmail.com,907000993,2024-11-03 19:12:27.110425
995,Luis,Rojas,20400994,cliento994@gmail.com,907000994,2025-04-24 12:13:38.489262
996,Pedro,Cruz,20400995,cliento995@gmail.com,907000995,2025-01-18 13:54:10.895268
997,Pedro,García,20400996,cliento996@gmail.com,907000996,2025-05-02 21:54:06.756372
998,Juan,Fernández,20400997,cliento997@gmail.com,907000997,2025-04-19 14:15:22.277752
999,Luis,Ramírez,20400998,cliento998@gmail.com,907000998,2024-11-02 00:28:42.596112
1000,Ana,Ramírez,20400999,cliento999@gmail.com,907000999,2025-07-13 06:45:37.085079
1001,Ana,Salazar,20401000,cliento1000@gmail.com,907001000,2024-11-02 16:23:11.833713
