id_inventario,id_tienda,id_producto,stock_actual,stock_reservado,ultima_actualizacion
1,2,2,6,25,2025-08-08 17:59:46.541972
2,3,3,22,7,2025-08-16 17:59:46.541972
3,4,4,56,46,2025-08-23 17:59:46.541972
4,5,5,40,43,2025-08-24 17:59:46.541972
5,6,6,98,3,2025-08-23 17:59:46.541972
6,7,7,30,33,2025-08-20 17:59:46.541972
7,8,8,47,36,2025-08-23 17:59:46.541972
8,9,9,53,1,2025-08-28 17:59:46.541972
9,10,10,76,36,2025-08-16 17:59:46.541972
10,1,11,60,10,2025-09-07 17:59:46.541972
11,2,12,56,49,2025-08-11 17:59:46.541972
12,3,13,68,35,2025-08-24 17:59:46.541972
13,4,14,40,34,2025-09-01 17:59:46.541972
14,5,15,42,49,2025-08-29 17:59:46.541972
15,6,16,46,8,2025-08-15 17:59:46.541972
16,7,17,29,24,2025-08-18 17:59:46.541972
17,8,18,47,23,2025-09-03 17:59:46.541972
18,9,19,35,6,2025-08-30 17:59:46.541972
19,10,20,68,22,2025-08-09 17:59:46.541972
20,1,21,15,33,2025-09-05 17:59:46.541972
21,2,22,43,11,2025-08-29 17:59:46.541972
22,3,23,93,47,2025-09-01 17:59:46.541972
23,4,24,70,47,2025-08-29 17:59:46.541972
24,5,25,46,48,2025-08-21 17:59:46.541972
25,6,26,55,33,2025-08-11 17:59:46.541972
26,7,27,40,15,2025-09-07 17:59:46.541972
27,8,28,49,16,2025-08-29 17:59:46.541972
28,9,29,48,2,2025-08-20 17:59:46.541972
29,10,30,46,22,2025-08-22 17:59:46.541972
30,1,31,29,27,2025-09-04 17:59:46.541972
31,2,32,56,39,2025-09-07 17:59:46.541972
32,3,33,44,29,2025-08-09 17:59:46.541972
33,4,34,38,9,2025-08-10 17:59:46.541972
34,5,35,36,35,2025-08-15 17:59:46.541972
35,6,36,23,19,2025-08-29 17:59:46.541972
36,7,37,91,22,2025-08-27 17:59:46.541972
37,8,38,65,12,2025-08-29 17:59:46.541972
38,9,39,40,15,2025-08-12 17:59:46.541972
39,10,40,83,24,2025-08-21 17:59:46.541972
40,1,41,39,23,2025-08-31 17:59:46.541972
41,2,42,28,2,2025-08-26 17:59:46.541972
42,3,43,87,21,2025-08-23 17:59:46.541972
43,4,44,7,3,2025-08-15 17:59:46.541972
44,5,45,80,21,2025-08-09 17:59:46.541972
45,6,46,23,33,2025-08-21 17:59:46.541972
46,7,47,46,16,2025-09-04 17:59:46.541972
47,8,48,38,46,2025-08-17 17:59:46.541972
48,9,49,20,6,2025-08-31 17:59:46.541972
49,10,50,79,27,2025-08-10 17:59:46.541972
50,1,51,62,43,2025-08-15 17:59:46.541972
51,2,52,83,20,2025-08-11 17:59:46.541972
52,3,53,89,14,2025-08-17 17:59:46.541972
53,4,54,35,36,2025-09-04 17:59:46.541972
54,5,55,34,25,2025-09-07 17:59:46.541972
55,6,56,87,30,2025-08-09 17:59:46.541972
56,7,57,30,33,2025-08-31 17:59:46.541972
57,8,58,42,29,2025-08-29 17:59:46.541972
58,9,59,89,21,2025-08-11 17:59:46.541972
59,10,60,97,41,2025-08-10 17:59:46.541972
60,1,61,38,47,2025-08-12 17:59:46.541972
61,2,62,55,31,2025-09-02 17:59:46.541972
62,3,63,43,9,2025-08-22 17:59:46.541972
63,4,64,62,8,2025-08-26 17:59:46.541972
64,5,65,39,2,2025-08-31 17:59:46.541972
65,6,66,1,35,2025-08-19 17:59:46.541972
66,7,67,50,26,2025-08-15 17:59:46.541972
67,8,68,15,3,2025-09-01 17:59:46.541972
68,9,69,48,47,2025-08-12 17:59:46.541972
69,10,70,70,10,2025-08-14 17:59:46.541972
70,1,71,60,15,2025-08-29 17:59:46.541972
71,2,72,22,14,2025-08-14 17:59:46.541972
72,3,73,59,31,2025-08-17 17:59:46.541972
73,4,74,47,2,2025-08-29 17:59:46.541972
74,5,75,87,44,2025-08-30 17:59:46.541972
75,6,76,49,5,2025-08-18 17:59:46.541972
76,7,77,4,11,2025-08-25 17:59:46.541972
77,8,78,13,42,2025-08-19 17:59:46.541972
78,9,79,49,44,2025-08-18 17:59:46.541972
79,10,80,94,11,2025-08-20 17:59:46.541972
80,1,81,63,20,2025-09-07 17:59:46.541972
81,2,82,3,44,2025-08-22 17:59:46.541972
82,3,83,87,43,2025-09-01 17:59:46.541972
83,4,84,2,38,2025-08-30 17:59:46.541972
84,5,85,31,26,2025-08-24 17:59:46.541972
85,6,86,72,28,2025-09-05 17:59:46.541972
86,7,87,73,24,2025-08-30 17:59:46.541972
87,8,88,31,0,2025-08-17 17:59:46.541972
88,9,89,21,19,2025-08-21 17:59:46.541972
89,10,90,69,36,2025-08-15 17:59:46.541972
90,1,91,70,49,2025-08-19 17:59:46.541972
91,2,92,73,46,2025-08-11 17:59:46.541972
92,3,93,10,12,2025-08-25 17:59:46.541972
93,4,94,81,26,2025-08-09 17:59:46.541972
94,5,95,67,12,2025-08-09 17:59:46.541972
95,6,96,94,40,2025-09-07 17:59:46.541972
96,7,97,61,40,2025-09-01 17:59:46.541972
97,8,98,13,36,2025-08-09 17:59:46.541972
98,9,99,86,45,2025-08-29 17:59:46.541972
99,10,100,35,22,2025-08-23 17:59:46.541972
100,1,101,93,31,2025-09-03 17:59:46.541972
101,2,102,13,5,2025-09-05 17:59:46.541972
102,3,103,84,34,2025-08-19 17:59:46.541972
103,4,104,13,33,2025-09-05 17:59:46.541972
104,5,105,9,39,2025-08-24 17:59:46.541972
105,6,106,97,7,2025-08-31 17:59:46.541972
106,7,107,28,39,2025-08-09 17:59:46.541972
107,8,108,92,20,2025-08-17 17:59:46.541972
108,9,109,11,48,2025-09-01 17:59:46.541972
109,10,110,48,23,2025-08-15 17:59:46.541972
110,1,111,20,26,2025-08-08 17:59:46.541972
111,2,112,41,14,2025-08-14 17:59:46.541972
112,3,113,83,20,2025-08-22 17:59:46.541972
113,4,114,74,18,2025-08-30 17:59:46.541972
114,5,115,54,8,2025-08-13 17:59:46.541972
115,6,116,91,31,2025-08-29 17:59:46.541972
116,7,117,53,29,2025-08-12 17:59:46.541972
117,8,118,41,28,2025-09-04 17:59:46.541972
118,9,119,12,27,2025-08-19 17:59:46.541972
119,10,120,47,10,2025-08-22 17:59:46.541972
120,1,121,67,6,2025-09-05 17:59:46.541972
121,2,122,30,25,2025-08-10 17:59:46.541972
122,3,123,0,17,2025-08-17 17:59:46.541972
123,4,124,84,1,2025-09-02 17:59:46.541972
124,5,125,92,34,2025-09-02 17:59:46.541972
125,6,126,77,39,2025-09-04 17:59:46.541972
126,7,127,4,34,2025-08-17 17:59:46.541972
127,8,128,58,44,2025-08-29 17:59:46.541972
128,9,129,55,37,2025-09-02 17:59:46.541972
129,10,130,40,40,2025-08-25 17:59:46.541972
130,1,131,11,27,2025-08-10 17:59:46.541972
131,2,132,87,9,2025-08-10 17:59:46.541972
132,3,133,30,16,2025-08-15 17:59:46.541972
133,4,134,34,31,2025-08-14 17:59:46.541972
134,5,135,100,24,2025-08-30 17:59:46.541972
135,6,136,63,39,2025-08-29 17:59:46.541972
136,7,137,43,9,2025-08-12 17:59:46.541972
137,8,138,86,28,2025-08-20 17:59:46.541972
138,9,139,49,16,2025-08-19 17:59:46.541972
139,10,140,66,42,2025-09-06 17:59:46.541972
140,1,141,6,26,2025-09-07 17:59:46.541972
141,2,142,87,13,2025-08-19 17:59:46.541972
142,3,143,62,5,2025-08-28 17:59:46.541972
143,4,144,62,20,2025-08-13 17:59:46.541972
144,5,145,12,6,2025-08-24 17:59:46.541972
145,6,146,23,35,2025-09-01 17:59:46.541972
146,7,147,10,9,2025-08-27 17:59:46.541972
147,8,148,15,12,2025-08-16 17:59:46.541972
148,9,149,95,6,2025-08-26 17:59:46.541972
149,10,150,32,4,2025-08-22 17:59:46.541972
150,1,151,45,13,2025-08-19 17:59:46.541972
151,2,152,0,39,2025-08-21 17:59:46.541972
152,3,153,57,33,2025-08-14 17:59:46.541972
153,4,154,61,46,2025-09-06 17:59:46.541972
154,5,155,69,11,2025-08-18 17:59:46.541972
155,6,156,79,45,2025-08-18 17:59:46.541972
156,7,157,63,39,2025-08-17 17:59:46.541972
157,8,158,36,27,2025-08-27 17:59:46.541972
158,9,159,61,9,2025-08-29 17:59:46.541972
159,10,160,3,17,2025-08-19 17:59:46.541972
160,1,161,46,36,2025-08-25 17:59:46.541972
161,2,162,60,24,2025-08-31 17:59:46.541972
162,3,163,91,16,2025-08-19 17:59:46.541972
163,4,164,81,20,2025-08-30 17:59:46.541972
164,5,165,79,28,2025-08-27 17:59:46.541972
165,6,166,50,27,2025-09-01 17:59:46.541972
166,7,167,22,22,2025-08-21 17:59:46.541972
167,8,168,8,43,2025-08-27 17:59:46.541972
168,9,169,46,14,2025-09-02 17:59:46.541972
169,10,170,74,18,2025-08-26 17:59:46.541972
170,1,171,97,23,2025-08-21 17:59:46.541972
171,2,172,14,13,2025-08-30 17:59:46.541972
172,3,173,27,32,2025-08-30 17:59:46.541972
173,4,174,62,7,2025-09-02 17:59:46.541972
174,5,175,24,26,2025-08-16 17:59:46.541972
175,6,176,3,25,2025-08-14 17:59:46.541972
176,7,177,43,8,2025-08-25 17:59:46.541972
177,8,178,45,19,2025-08-29 17:59:46.541972
178,9,179,63,33,2025-09-01 17:59:46.541972
179,10,180,64,18,2025-08-15 17:59:46.541972
180,1,181,57,38,2025-08-27 17:59:46.541972
181,2,182,43,7,2025-08-15 17:59:46.541972
182,3,183,97,19,2025-08-18 17:59:46.541972
183,4,184,74,35,2025-09-05 17:59:46.541972
184,5,185,7,20,2025-08-25 17:59:46.541972
185,6,186,27,44,2025-09-02 17:59:46.541972
186,7,187,6,20,2025-09-04 17:59:46.541972
187,8,188,19,25,2025-09-03 17:59:46.541972
188,9,189,17,7,2025-08-22 17:59:46.541972
189,10,190,42,43,2025-08-10 17:59:46.541972
190,1,191,31,19,2025-09-03 17:59:46.541972
191,2,192,18,8,2025-09-07 17:59:46.541972
192,3,193,23,26,2025-08-28 17:59:46.541972
193,4,194,95,45,2025-08-13 17:59:46.541972
194,5,195,92,11,2025-08-12 17:59:46.541972
195,6,196,35,31,2025-08-23 17:59:46.541972
196,7,197,9,35,2025-08-24 17:59:46.541972
197,8,198,65,12,2025-08-30 17:59:46.541972
198,9,199,49,25,2025-08-30 17:59:46.541972
199,10,200,71,15,2025-08-31 17:59:46.541972
200,1,201,17,5,2025-08-21 17:59:46.541972
201,2,202,86,27,2025-08-26 17:59:46.541972
202,3,203,17,5,2025-08-20 17:59:46.541972
203,4,204,17,39,2025-08-29 17:59:46.541972
204,5,205,25,6,2025-08-30 17:59:46.541972
205,6,206,28,13,2025-09-07 17:59:46.541972
206,7,207,24,28,2025-08-17 17:59:46.541972
207,8,208,19,10,2025-08-28 17:59:46.541972
208,9,209,75,23,2025-08-21 17:59:46.541972
209,10,210,27,2,2025-08-09 17:59:46.541972
210,1,211,66,19,2025-09-07 17:59:46.541972
211,2,212,84,40,2025-08-24 17:59:46.541972
212,3,213,31,39,2025-09-01 17:59:46.541972
213,4,214,57,39,2025-08-09 17:59:46.541972
214,5,215,16,41,2025-08-31 17:59:46.541972
215,6,216,30,35,2025-08-20 17:59:46.541972
216,7,217,13,0,2025-08-22 17:59:46.541972
217,8,218,90,12,2025-08-30 17:59:46.541972
218,9,219,20,36,2025-08-27 17:59:46.541972
219,10,220,99,3,2025-09-07 17:59:46.541972
220,1,221,46,31,2025-08-19 17:59:46.541972
221,2,222,30,10,2025-08-09 17:59:46.541972
222,3,223,86,11,2025-08-14 17:59:46.541972
223,4,224,40,47,2025-08-31 17:59:46.541972
224,5,225,22,3,2025-08-10 17:59:46.541972
225,6,226,1,46,2025-08-30 17:59:46.541972
226,7,227,81,50,2025-08-14 17:59:46.541972
227,8,228,46,28,2025-08-25 17:59:46.541972
228,9,229,21,50,2025-08-09 17:59:46.541972
229,10,230,35,29,2025-08-24 17:59:46.541972
230,1,231,2,8,2025-08-23 17:59:46.541972
231,2,232,28,40,2025-08-26 17:59:46.541972
232,3,233,67,39,2025-08-23 17:59:46.541972
233,4,234,26,35,2025-08-26 17:59:46.541972
234,5,235,20,15,2025-08-17 17:59:46.541972
235,6,236,36,15,2025-08-12 17:59:46.541972
236,7,237,78,37,2025-08-10 17:59:46.541972
237,8,238,89,3,2025-08-15 17:59:46.541972
238,9,239,64,26,2025-08-11 17:59:46.541972
239,10,240,62,42,2025-08-09 17:59:46.541972
240,1,241,66,46,2025-08-22 17:59:46.541972
241,2,242,77,50,2025-09-02 17:59:46.541972
242,3,243,36,46,2025-08-31 17:59:46.541972
243,4,244,70,47,2025-08-11 17:59:46.541972
244,5,245,83,45,2025-09-02 17:59:46.541972
245,6,246,51,13,2025-09-04 17:59:46.541972
246,7,247,11,20,2025-08-12 17:59:46.541972
247,8,248,36,17,2025-09-06 17:59:46.541972
248,9,249,9,11,2025-08-12 17:59:46.541972
249,10,250,11,49,2025-08-30 17:59:46.541972
250,1,251,16,28,2025-08-17 17:59:46.541972
251,2,252,34,50,2025-08-16 17:59:46.541972
252,3,253,6,50,2025-09-04 17:59:46.541972
253,4,254,19,23,2025-08-21 17:59:46.541972
254,5,255,76,32,2025-08-12 17:59:46.541972
255,6,256,36,37,2025-08-27 17:59:46.541972
256,7,257,25,45,2025-09-02 17:59:46.541972
257,8,258,23,42,2025-08-30 17:59:46.541972
258,9,259,39,13,2025-08-30 17:59:46.541972
259,10,260,5,46,2025-08-09 17:59:46.541972
260,1,261,91,20,2025-09-03 17:59:46.541972
261,2,262,51,16,2025-08-28 17:59:46.541972
262,3,263,67,15,2025-09-03 17:59:46.541972
263,4,264,15,18,2025-09-01 17:59:46.541972
264,5,265,39,43,2025-08-13 17:59:46.541972
265,6,266,46,29,2025-08-23 17:59:46.541972
266,7,267,26,24,2025-08-21 17:59:46.541972
267,8,268,39,37,2025-08-20 17:59:46.541972
268,9,269,50,29,2025-08-24 17:59:46.541972
269,10,270,85,34,2025-08-21 17:59:46.541972
270,1,271,33,7,2025-08-21 17:59:46.541972
271,2,272,82,46,2025-08-29 17:59:46.541972
272,3,273,64,34,2025-08-26 17:59:46.541972
273,4,274,47,10,2025-09-01 17:59:46.541972
274,5,275,42,24,2025-08-30 17:59:46.541972
275,6,276,56,33,2025-08-28 17:59:46.541972
276,7,277,32,36,2025-08-24 17:59:46.541972
277,8,278,9,24,2025-08-25 17:59:46.541972
278,9,279,47,12,2025-08-19 17:59:46.541972
279,10,280,88,5,2025-09-06 17:59:46.541972
280,1,281,72,31,2025-08-28 17:59:46.541972
281,2,282,36,40,2025-09-06 17:59:46.541972
282,3,283,46,30,2025-09-03 17:59:46.541972
283,4,284,84,11,2025-08-10 17:59:46.541972
284,5,285,44,14,2025-09-06 17:59:46.541972
285,6,286,83,33,2025-08-09 17:59:46.541972
286,7,287,15,45,2025-09-01 17:59:46.541972
287,8,288,38,49,2025-08-24 17:59:46.541972
288,9,289,96,15,2025-09-01 17:59:46.541972
289,10,290,44,21,2025-08-18 17:59:46.541972
290,1,291,18,49,2025-08-21 17:59:46.541972
291,2,292,91,9,2025-08-11 17:59:46.541972
292,3,293,12,43,2025-08-15 17:59:46.541972
293,4,294,32,12,2025-08-10 17:59:46.541972
294,5,295,59,47,2025-08-20 17:59:46.541972
295,6,296,30,15,2025-09-01 17:59:46.541972
296,7,297,34,4,2025-08-19 17:59:46.541972
297,8,298,51,4,2025-08-14 17:59:46.541972
298,9,299,65,34,2025-09-01 17:59:46.541972
299,10,300,60,34,2025-08-29 17:59:46.541972
300,1,301,70,40,2025-08-15 17:59:46.541972
301,2,302,97,22,2025-08-20 17:59:46.541972
302,3,303,49,38,2025-08-21 17:59:46.541972
303,4,304,84,14,2025-08-22 17:59:46.541972
304,5,305,46,18,2025-08-13 17:59:46.541972
305,6,306,25,38,2025-08-20 17:59:46.541972
306,7,307,96,43,2025-09-01 17:59:46.541972
307,8,308,10,46,2025-08-28 17:59:46.541972
308,9,309,41,33,2025-09-05 17:59:46.541972
309,10,310,71,50,2025-09-03 17:59:46.541972
310,1,311,16,39,2025-08-23 17:59:46.541972
311,2,312,92,41,2025-09-04 17:59:46.541972
312,3,313,63,49,2025-09-07 17:59:46.541972
313,4,314,72,37,2025-09-06 17:59:46.541972
314,5,315,77,42,2025-08-12 17:59:46.541972
315,6,316,56,20,2025-08-25 17:59:46.541972
316,7,317,37,30,2025-08-27 17:59:46.541972
317,8,318,23,34,2025-08-21 17:59:46.541972
318,9,319,31,11,2025-08-21 17:59:46.541972
319,10,320,10,46,2025-08-26 17:59:46.541972
320,1,321,99,30,2025-08-14 17:59:46.541972
321,2,322,76,38,2025-08-28 17:59:46.541972
322,3,323,21,7,2025-08-21 17:59:46.541972
323,4,324,32,8,2025-08-12 17:59:46.541972
324,5,325,27,15,2025-08-24 17:59:46.541972
325,6,326,92,18,2025-09-03 17:59:46.541972
326,7,327,19,26,2025-08-21 17:59:46.541972
327,8,328,25,2,2025-08-13 17:59:46.541972
328,9,329,59,2,2025-08-26 17:59:46.541972
329,10,330,87,20,2025-08-19 17:59:46.541972
330,1,331,78,38,2025-08-09 17:59:46.541972
331,2,332,63,45,2025-08-21 17:59:46.541972
332,3,333,99,9,2025-08-10 17:59:46.541972
333,4,334,42,39,2025-09-01 17:59:46.541972
334,5,335,56,49,2025-08-27 17:59:46.541972
335,6,336,39,18,2025-08-11 17:59:46.541972
336,7,337,18,33,2025-08-11 17:59:46.541972
337,8,338,71,6,2025-08-11 17:59:46.541972
338,9,339,76,13,2025-08-09 17:59:46.541972
339,10,340,78,35,2025-08-28 17:59:46.541972
340,1,341,38,39,2025-08-23 17:59:46.541972
341,2,342,4,2,2025-08-23 17:59:46.541972
342,3,343,26,45,2025-08-08 17:59:46.541972
343,4,344,12,22,2025-08-29 17:59:46.541972
344,5,345,34,41,2025-08-13 17:59:46.541972
345,6,346,65,6,2025-08-31 17:59:46.541972
346,7,347,47,41,2025-08-10 17:59:46.541972
347,8,348,75,14,2025-08-16 17:59:46.541972
348,9,349,71,10,2025-09-01 17:59:46.541972
349,10,350,40,41,2025-08-18 17:59:46.541972
350,1,351,45,28,2025-08-16 17:59:46.541972
351,2,352,91,13,2025-08-14 17:59:46.541972
352,3,353,57,40,2025-09-05 17:59:46.541972
353,4,354,78,28,2025-08-11 17:59:46.541972
354,5,355,41,45,2025-08-25 17:59:46.541972
355,6,356,31,16,2025-08-14 17:59:46.541972
356,7,357,81,26,2025-09-01 17:59:46.541972
357,8,358,82,49,2025-08-22 17:59:46.541972
358,9,359,9,11,2025-08-10 17:59:46.541972
359,10,360,4,45,2025-08-31 17:59:46.541972
360,1,361,82,6,2025-08-16 17:59:46.541972
361,2,362,75,33,2025-08-24 17:59:46.541972
362,3,363,54,20,2025-08-25 17:59:46.541972
363,4,364,46,42,2025-08-27 17:59:46.541972
364,5,365,34,29,2025-08-14 17:59:46.541972
365,6,366,66,8,2025-08-24 17:59:46.541972
366,7,367,72,38,2025-08-28 17:59:46.541972
367,8,368,61,36,2025-08-21 17:59:46.541972
368,9,369,90,2,2025-08-16 17:59:46.541972
369,10,370,16,3,2025-09-05 17:59:46.541972
370,1,371,28,49,2025-08-14 17:59:46.541972
371,2,372,33,42,2025-08-24 17:59:46.541972
372,3,373,57,9,2025-08-27 17:59:46.541972
373,4,374,90,26,2025-09-02 17:59:46.541972
374,5,375,51,44,2025-08-09 17:59:46.541972
375,6,376,79,36,2025-09-01 17:59:46.541972
376,7,377,76,21,2025-08-14 17:59:46.541972
377,8,378,65,42,2025-09-02 17:59:46.541972
378,9,379,81,8,2025-08-26 17:59:46.541972
379,10,380,70,11,2025-09-01 17:59:46.541972
380,1,381,49,39,2025-08-26 17:59:46.541972
381,2,382,59,14,2025-08-28 17:59:46.541972
382,3,383,28,21,2025-08-12 17:59:46.541972
383,4,384,42,38,2025-08-22 17:59:46.541972
384,5,385,63,16,2025-08-27 17:59:46.541972
385,6,386,66,0,2025-08-22 17:59:46.541972
386,7,387,26,50,2025-08-28 17:59:46.541972
387,8,388,43,27,2025-08-15 17:59:46.541972
388,9,389,82,40,2025-08-09 17:59:46.541972
389,10,390,86,29,2025-08-24 17:59:46.541972
390,1,391,56,21,2025-08-21 17:59:46.541972
391,2,392,84,38,2025-09-05 17:59:46.541972
392,3,393,31,8,2025-08-18 17:59:46.541972
393,4,394,53,15,2025-08-28 17:59:46.541972
394,5,395,46,12,2025-08-21 17:59:46.541972
395,6,396,98,35,2025-09-05 17:59:46.541972
396,7,397,22,2,2025-08-23 17:59:46.541972
397,8,398,52,6,2025-08-13 17:59:46.541972
398,9,399,43,24,2025-08-23 17:59:46.541972
399,10,400,88,3,2025-08-31 17:59:46.541972
400,1,401,5,8,2025-08-13 17:59:46.541972
401,2,402,18,41,2025-08-13 17:59:46.541972
402,3,403,97,2,2025-08-22 17:59:46.541972
403,4,404,14,27,2025-08-18 17:59:46.541972
404,5,405,99,1,2025-08-20 17:59:46.541972
405,6,406,97,5,2025-08-20 17:59:46.541972
406,7,407,23,1,2025-08-28 17:59:46.541972
407,8,408,60,11,2025-08-09 17:59:46.541972
408,9,409,6,10,2025-08-26 17:59:46.541972
409,10,410,79,44,2025-08-29 17:59:46.541972
410,1,411,10,40,2025-08-27 17:59:46.541972
411,2,412,45,37,2025-08-10 17:59:46.541972
412,3,413,85,42,2025-08-20 17:59:46.541972
413,4,414,81,23,2025-08-28 17:59:46.541972
414,5,415,56,10,2025-08-25 17:59:46.541972
415,6,416,82,38,2025-08-18 17:59:46.541972
416,7,417,28,5,2025-08-20 17:59:46.541972
417,8,418,46,16,2025-09-04 17:59:46.541972
418,9,419,79,1,2025-08-11 17:59:46.541972
419,10,420,24,5,2025-08-21 17:59:46.541972
420,1,421,96,22,2025-08-31 17:59:46.541972
421,2,422,84,24,2025-09-02 17:59:46.541972
422,3,423,32,22,2025-08-21 17:59:46.541972
423,4,424,2,3,2025-08-17 17:59:46.541972
424,5,425,81,30,2025-08-12 17:59:46.541972
425,6,426,25,49,2025-08-09 17:59:46.541972
426,7,427,74,25,2025-09-05 17:59:46.541972
427,8,428,51,24,2025-09-06 17:59:46.541972
428,9,429,60,2,2025-08-24 17:59:46.541972
429,10,430,41,48,2025-09-04 17:59:46.541972
430,1,431,74,1,2025-08-23 17:59:46.541972
431,2,432,37,44,2025-08-13 17:59:46.541972
432,3,433,64,46,2025-09-06 17:59:46.541972
433,4,434,35,26,2025-09-01 17:59:46.541972
434,5,435,60,34,2025-08-30 17:59:46.541972
435,6,436,83,47,2025-08-21 17:59:46.541972
436,7,437,50,38,2025-08-12 17:59:46.541972
437,8,438,28,22,2025-08-14 17:59:46.541972
438,9,439,21,4,2025-09-02 17:59:46.541972
439,10,440,6,47,2025-08-08 17:59:46.541972
440,1,441,12,40,2025-08-13 17:59:46.541972
441,2,442,46,9,2025-08-30 17:59:46.541972
442,3,443,15,3,2025-08-23 17:59:46.541972
443,4,444,65,18,2025-08-24 17:59:46.541972
444,5,445,97,32,2025-08-10 17:59:46.541972
445,6,446,2,0,2025-08-17 17:59:46.541972
446,7,447,95,49,2025-08-16 17:59:46.541972
447,8,448,58,26,2025-09-02 17:59:46.541972
448,9,449,21,37,2025-08-10 17:59:46.541972
449,10,450,61,24,2025-08-16 17:59:46.541972
450,1,451,71,37,2025-08-28 17:59:46.541972
451,2,452,14,19,2025-08-23 17:59:46.541972
452,3,453,67,22,2025-09-06 17:59:46.541972
453,4,454,41,35,2025-08-28 17:59:46.541972
454,5,455,81,41,2025-08-28 17:59:46.541972
455,6,456,32,37,2025-09-01 17:59:46.541972
456,7,457,67,42,2025-08-23 17:59:46.541972
457,8,458,54,17,2025-08-26 17:59:46.541972
458,9,459,93,28,2025-08-29 17:59:46.541972
459,10,460,92,11,2025-08-16 17:59:46.541972
460,1,461,20,28,2025-08-22 17:59:46.541972
461,2,462,65,30,2025-08-10 17:59:46.541972
462,3,463,21,26,2025-09-02 17:59:46.541972
463,4,464,77,22,2025-08-28 17:59:46.541972
464,5,465,15,7,2025-09-03 17:59:46.541972
465,6,466,29,49,2025-09-01 17:59:46.541972
466,7,467,1,29,2025-08-23 17:59:46.541972
467,8,468,82,9,2025-08-26 17:59:46.541972
468,9,469,50,45,2025-08-30 17:59:46.541972
469,10,470,91,1,2025-08-09 17:59:46.541972
470,1,471,69,48,2025-09-06 17:59:46.541972
471,2,472,45,28,2025-08-29 17:59:46.541972
472,3,473,12,4,2025-09-03 17:59:46.541972
473,4,474,29,50,2025-09-06 17:59:46.541972
474,5,475,39,5,2025-08-24 17:59:46.541972
475,6,476,12,27,2025-08-22 17:59:46.541972
476,7,477,61,22,2025-08-23 17:59:46.541972
477,8,478,51,22,2025-08-31 17:59:46.541972
478,9,479,13,27,2025-08-21 17:59:46.541972
479,10,480,35,39,2025-08-10 17:59:46.541972
480,1,481,5,29,2025-08-08 17:59:46.541972
481,2,482,3,50,2025-08-14 17:59:46.541972
482,3,483,93,46,2025-09-04 17:59:46.541972
483,4,484,39,22,2025-08-25 17:59:46.541972
484,5,485,50,32,2025-08-10 17:59:46.541972
485,6,486,69,42,2025-08-14 17:59:46.541972
486,7,487,70,12,2025-08-29 17:59:46.541972
487,8,488,94,13,2025-08-14 17:59:46.541972
488,9,489,8,46,2025-09-07 17:59:46.541972
489,10,490,8,1,2025-08-31 17:59:46.541972
490,1,491,57,25,2025-08-21 17:59:46.541972
491,2,492,73,10,2025-08-10 17:59:46.541972
492,3,493,61,3,2025-08-31 17:59:46.541972
493,4,494,21,31,2025-08-29 17:59:46.541972
494,5,495,57,49,2025-08-26 17:59:46.541972
495,6,496,4,15,2025-08-29 17:59:46.541972
496,7,497,47,2,2025-08-16 17:59:46.541972
497,8,498,93,5,2025-09-05 17:59:46.541972
498,9,499,36,15,2025-09-06 17:59:46.541972
499,10,500,57,28,2025-09-04 17:59:46.541972
500,1,1,68,16,2025-08-17 17:59:46.541972
501,2,2,60,34,2025-08-23 17:59:46.541972
502,3,3,92,49,2025-08-08 17:59:46.541972
503,4,4,2,21,2025-09-07 17:59:46.541972
504,5,5,83,2,2025-08-15 17:59:46.541972
505,6,6,17,25,2025-08-31 17:59:46.541972
506,7,7,37,41,2025-08-29 17:59:46.541972
507,8,8,83,41,2025-08-26 17:59:46.541972
508,9,9,41,27,2025-08-21 17:59:46.541972
509,10,10,15,48,2025-08-13 17:59:46.541972
510,1,11,42,34,2025-08-20 17:59:46.541972
511,2,12,93,36,2025-08-27 17:59:46.541972
512,3,13,20,31,2025-08-15 17:59:46.541972
513,4,14,91,1,2025-08-18 17:59:46.541972
514,5,15,82,30,2025-08-16 17:59:46.541972
515,6,16,1,36,2025-08-16 17:59:46.541972
516,7,17,46,34,2025-09-06 17:59:46.541972
517,8,18,21,46,2025-08-12 17:59:46.541972
518,9,19,64,1,2025-08-21 17:59:46.541972
519,10,20,95,8,2025-09-01 17:59:46.541972
520,1,21,53,35,2025-09-01 17:59:46.541972
521,2,22,85,18,2025-08-29 17:59:46.541972
522,3,23,95,50,2025-08-24 17:59:46.541972
523,4,24,20,6,2025-09-04 17:59:46.541972
524,5,25,68,9,2025-08-27 17:59:46.541972
525,6,26,49,46,2025-08-28 17:59:46.541972
526,7,27,82,26,2025-08-10 17:59:46.541972
527,8,28,2,6,2025-08-27 17:59:46.541972
528,9,29,42,10,2025-08-31 17:59:46.541972
529,10,30,43,7,2025-08-26 17:59:46.541972
530,1,31,12,14,2025-08-23 17:59:46.541972
531,2,32,27,30,2025-08-19 17:59:46.541972
532,3,33,25,5,2025-08-20 17:59:46.541972
533,4,34,35,35,2025-08-16 17:59:46.541972
534,5,35,46,28,2025-08-08 17:59:46.541972
535,6,36,93,49,2025-09-05 17:59:46.541972
536,7,37,48,13,2025-09-04 17:59:46.541972
537,8,38,92,24,2025-08-26 17:59:46.541972
538,9,39,4,25,2025-09-07 17:59:46.541972
539,10,40,97,45,2025-08-17 17:59:46.541972
540,1,41,75,35,2025-09-01 17:59:46.541972
541,2,42,53,18,2025-08-25 17:59:46.541972
542,3,43,85,46,2025-08-27 17:59:46.541972
543,4,44,31,6,2025-08-10 17:59:46.541972
544,5,45,56,20,2025-09-01 17:59:46.541972
545,6,46,25,31,2025-08-22 17:59:46.541972
546,7,47,68,1,2025-08-12 17:59:46.541972
547,8,48,49,11,2025-09-05 17:59:46.541972
548,9,49,11,35,2025-08-16 17:59:46.541972
549,10,50,84,41,2025-09-05 17:59:46.541972
550,1,51,32,13,2025-08-20 17:59:46.541972
551,2,52,9,28,2025-08-08 17:59:46.541972
552,3,53,94,50,2025-08-15 17:59:46.541972
553,4,54,75,22,2025-09-03 17:59:46.541972
554,5,55,83,32,2025-08-23 17:59:46.541972
555,6,56,51,6,2025-08-28 17:59:46.541972
556,7,57,90,32,2025-08-16 17:59:46.541972
557,8,58,3,9,2025-08-26 17:59:46.541972
558,9,59,11,47,2025-08-08 17:59:46.541972
559,10,60,91,23,2025-08-15 17:59:46.541972
560,1,61,67,9,2025-08-31 17:59:46.541972
561,2,62,61,7,2025-08-25 17:59:46.541972
562,3,63,58,16,2025-08-11 17:59:46.541972
563,4,64,23,12,2025-08-10 17:59:46.541972
564,5,65,37,19,2025-08-29 17:59:46.541972
565,6,66,69,28,2025-09-01 17:59:46.541972
566,7,67,96,2,2025-08-13 17:59:46.541972
567,8,68,18,23,2025-09-05 17:59:46.541972
568,9,69,24,47,2025-08-17 17:59:46.541972
569,10,70,81,3,2025-08-11 17:59:46.541972
570,1,71,35,7,2025-08-25 17:59:46.541972
571,2,72,51,31,2025-08-19 17:59:46.541972
572,3,73,96,49,2025-08-28 17:59:46.541972
573,4,74,71,10,2025-08-25 17:59:46.541972
574,5,75,34,15,2025-08-08 17:59:46.541972
575,6,76,77,43,2025-08-14 17:59:46.541972
576,7,77,64,34,2025-08-28 17:59:46.541972
577,8,78,92,23,2025-08-28 17:59:46.541972
578,9,79,82,38,2025-08-18 17:59:46.541972
579,10,80,24,27,2025-08-08 17:59:46.541972
580,1,81,60,46,2025-08-09 17:59:46.541972
581,2,82,9,1,2025-08-15 17:59:46.541972
582,3,83,34,19,2025-08-29 17:59:46.541972
583,4,84,1,13,2025-08-15 17:59:46.541972
584,5,85,64,32,2025-08-19 17:59:46.541972
585,6,86,11,21,2025-08-28 17:59:46.541972
586,7,87,21,27,2025-08-13 17:59:46.541972
587,8,88,33,26,2025-09-05 17:59:46.541972
588,9,89,46,46,2025-08-31 17:59:46.541972
589,10,90,35,45,2025-09-06 17:59:46.541972
590,1,91,56,49,2025-08-12 17:59:46.541972
591,2,92,47,47,2025-09-07 17:59:46.541972
592,3,93,14,43,2025-08-23 17:59:46.541972
593,4,94,91,19,2025-08-27 17:59:46.541972
594,5,95,99,29,2025-08-15 17:59:46.541972
595,6,96,55,28,2025-08-10 17:59:46.541972
596,7,97,1,23,2025-08-18 17:59:46.541972
597,8,98,99,34,2025-09-01 17:59:46.541972
598,9,99,75,35,2025-08-14 17:59:46.541972
599,10,100,21,36,2025-08-17 17:59:46.541972
600,1,101,99,22,2025-08-30 17:59:46.541972
601,2,102,37,35,2025-09-02 17:59:46.541972
602,3,103,48,25,2025-08-16 17:59:46.541972
603,4,104,13,31,2025-08-31 17:59:46.541972
604,5,105,49,31,2025-08-08 17:59:46.541972
605,6,106,86,27,2025-08-18 17:59:46.541972
606,7,107,3,42,2025-09-02 17:59:46.541972
607,8,108,77,39,2025-08-13 17:59:46.541972
608,9,109,68,25,2025-08-24 17:59:46.541972
609,10,110,98,50,2025-08-17 17:59:46.541972
610,1,111,6,3,2025-09-02 17:59:46.541972
611,2,112,55,29,2025-08-29 17:59:46.541972
612,3,113,95,26,2025-09-02 17:59:46.541972
613,4,114,28,47,2025-08-10 17:59:46.541972
614,5,115,76,43,2025-09-04 17:59:46.541972
615,6,116,89,36,2025-08-18 17:59:46.541972
616,7,117,23,35,2025-08-31 17:59:46.541972
617,8,118,42,44,2025-08-23 17:59:46.541972
618,9,119,88,35,2025-08-22 17:59:46.541972
619,10,120,70,18,2025-09-02 17:59:46.541972
620,1,121,68,19,2025-08-12 17:59:46.541972
621,2,122,51,5,2025-09-07 17:59:46.541972
622,3,123,100,18,2025-08-29 17:59:46.541972
623,4,124,56,36,2025-08-14 17:59:46.541972
624,5,125,69,19,2025-09-06 17:59:46.541972
625,6,126,90,2,2025-08-12 17:59:46.541972
626,7,127,70,31,2025-08-25 17:59:46.541972
627,8,128,70,26,2025-08-22 17:59:46.541972
628,9,129,26,12,2025-09-04 17:59:46.541972
629,10,130,39,39,2025-08-30 17:59:46.541972
630,1,131,82,38,2025-08-31 17:59:46.541972
631,2,132,6,4,2025-09-04 17:59:46.541972
632,3,133,34,24,2025-08-28 17:59:46.541972
633,4,134,40,32,2025-09-01 17:59:46.541972
634,5,135,55,25,2025-08-31 17:59:46.541972
635,6,136,76,43,2025-08-27 17:59:46.541972
636,7,137,42,16,2025-08-28 17:59:46.541972
637,8,138,31,36,2025-08-12 17:59:46.541972
638,9,139,73,38,2025-09-07 17:59:46.541972
639,10,140,62,39,2025-08-16 17:59:46.541972
640,1,141,19,36,2025-08-19 17:59:46.541972
641,2,142,51,5,2025-08-11 17:59:46.541972
642,3,143,12,27,2025-08-26 17:59:46.541972
643,4,144,71,28,2025-08-11 17:59:46.541972
644,5,145,80,23,2025-08-16 17:59:46.541972
645,6,146,43,49,2025-08-27 17:59:46.541972
646,7,147,69,9,2025-08-13 17:59:46.541972
647,8,148,39,2,2025-08-19 17:59:46.541972
648,9,149,63,16,2025-08-22 17:59:46.541972
649,10,150,23,46,2025-08-08 17:59:46.541972
650,1,151,28,13,2025-08-24 17:59:46.541972
651,2,152,51,48,2025-08-16 17:59:46.541972
652,3,153,18,0,2025-08-30 17:59:46.541972
653,4,154,7,38,2025-08-17 17:59:46.541972
654,5,155,62,19,2025-09-02 17:59:46.541972
655,6,156,73,48,2025-08-31 17:59:46.541972
656,7,157,100,2,2025-08-14 17:59:46.541972
657,8,158,47,50,2025-09-03 17:59:46.541972
658,9,159,82,41,2025-09-06 17:59:46.541972
659,10,160,11,30,2025-08-21 17:59:46.541972
660,1,161,68,43,2025-08-27 17:59:46.541972
661,2,162,97,41,2025-09-04 17:59:46.541972
662,3,163,51,46,2025-09-06 17:59:46.541972
663,4,164,51,19,2025-08-26 17:59:46.541972
664,5,165,54,40,2025-08-12 17:59:46.541972
665,6,166,87,23,2025-09-01 17:59:46.541972
666,7,167,29,30,2025-08-24 17:59:46.541972
667,8,168,13,5,2025-08-12 17:59:46.541972
668,9,169,92,48,2025-08-30 17:59:46.541972
669,10,170,32,9,2025-08-30 17:59:46.541972
670,1,171,14,20,2025-08-20 17:59:46.541972
671,2,172,35,13,2025-08-12 17:59:46.541972
672,3,173,8,5,2025-08-13 17:59:46.541972
673,4,174,66,42,2025-08-15 17:59:46.541972
674,5,175,36,6,2025-08-08 17:59:46.541972
675,6,176,54,47,2025-08-08 17:59:46.541972
676,7,177,44,44,2025-08-09 17:59:46.541972
677,8,178,20,11,2025-08-29 17:59:46.541972
678,9,179,64,14,2025-08-21 17:59:46.541972
679,10,180,58,21,2025-08-21 17:59:46.541972
680,1,181,39,35,2025-08-18 17:59:46.541972
681,2,182,86,26,2025-08-12 17:59:46.541972
682,3,183,10,36,2025-08-13 17:59:46.541972
683,4,184,4,24,2025-08-28 17:59:46.541972
684,5,185,54,8,2025-08-08 17:59:46.541972
685,6,186,29,46,2025-08-10 17:59:46.541972
686,7,187,62,48,2025-09-02 17:59:46.541972
687,8,188,37,42,2025-08-20 17:59:46.541972
688,9,189,100,45,2025-09-06 17:59:46.541972
689,10,190,82,38,2025-09-07 17:59:46.541972
690,1,191,24,27,2025-08-28 17:59:46.541972
691,2,192,89,22,2025-09-06 17:59:46.541972
692,3,193,87,24,2025-08-17 17:59:46.541972
693,4,194,51,45,2025-08-30 17:59:46.541972
694,5,195,44,47,2025-08-10 17:59:46.541972
695,6,196,98,48,2025-08-27 17:59:46.541972
696,7,197,23,23,2025-08-13 17:59:46.541972
697,8,198,94,42,2025-08-17 17:59:46.541972
698,9,199,71,9,2025-08-16 17:59:46.541972
699,10,200,21,19,2025-08-16 17:59:46.541972
700,1,201,23,24,2025-08-12 17:59:46.541972
701,2,202,98,38,2025-08-21 17:59:46.541972
702,3,203,33,40,2025-08-09 17:59:46.541972
703,4,204,45,34,2025-08-23 17:59:46.541972
704,5,205,75,2,2025-09-02 17:59:46.541972
705,6,206,90,35,2025-08-13 17:59:46.541972
706,7,207,46,19,2025-08-29 17:59:46.541972
707,8,208,92,22,2025-08-22 17:59:46.541972
708,9,209,63,0,2025-08-16 17:59:46.541972
709,10,210,47,31,2025-09-04 17:59:46.541972
710,1,211,81,35,2025-09-03 17:59:46.541972
711,2,212,72,9,2025-09-04 17:59:46.541972
712,3,213,58,10,2025-08-18 17:59:46.541972
713,4,214,76,2,2025-08-14 17:59:46.541972
714,5,215,68,23,2025-08-31 17:59:46.541972
715,6,216,48,10,2025-08-20 17:59:46.541972
716,7,217,85,25,2025-08-19 17:59:46.541972
717,8,218,85,50,2025-09-04 17:59:46.541972
718,9,219,96,36,2025-08-29 17:59:46.541972
719,10,220,10,37,2025-08-11 17:59:46.541972
720,1,221,37,29,2025-09-04 17:59:46.541972
721,2,222,40,8,2025-08-28 17:59:46.541972
722,3,223,51,46,2025-08-28 17:59:46.541972
723,4,224,41,12,2025-08-09 17:59:46.541972
724,5,225,66,14,2025-08-26 17:59:46.541972
725,6,226,79,34,2025-09-06 17:59:46.541972
726,7,227,58,9,2025-09-06 17:59:46.541972
727,8,228,88,34,2025-08-24 17:59:46.541972
728,9,229,40,1,2025-08-21 17:59:46.541972
729,10,230,15,27,2025-09-07 17:59:46.541972
730,1,231,9,8,2025-09-04 17:59:46.541972
731,2,232,87,9,2025-09-01 17:59:46.541972
732,3,233,63,36,2025-08-14 17:59:46.541972
733,4,234,75,1,2025-09-06 17:59:46.541972
734,5,235,72,44,2025-08-17 17:59:46.541972
735,6,236,71,27,2025-08-18 17:59:46.541972
736,7,237,96,6,2025-08-25 17:59:46.541972
737,8,238,14,50,2025-08-12 17:59:46.541972
738,9,239,53,41,2025-08-24 17:59:46.541972
739,10,240,79,40,2025-08-10 17:59:46.541972
740,1,241,33,24,2025-09-05 17:59:46.541972
741,2,242,4,14,2025-08-24 17:59:46.541972
742,3,243,7,25,2025-09-01 17:59:46.541972
743,4,244,44,34,2025-08-19 17:59:46.541972
744,5,245,12,29,2025-09-01 17:59:46.541972
745,6,246,10,10,2025-09-05 17:59:46.541972
746,7,247,18,33,2025-08-12 17:59:46.541972
747,8,248,14,18,2025-08-22 17:59:46.541972
748,9,249,91,41,2025-08-31 17:59:46.541972
749,10,250,46,34,2025-08-26 17:59:46.541972
750,1,251,71,47,2025-08-26 17:59:46.541972
751,2,252,10,8,2025-08-31 17:59:46.541972
752,3,253,11,29,2025-09-06 17:59:46.541972
753,4,254,52,4,2025-08-18 17:59:46.541972
754,5,255,97,32,2025-09-02 17:59:46.541972
755,6,256,94,23,2025-08-23 17:59:46.541972
756,7,257,23,44,2025-09-05 17:59:46.541972
757,8,258,87,39,2025-08-25 17:59:46.541972
758,9,259,61,44,2025-08-19 17:59:46.541972
759,10,260,72,41,2025-08-13 17:59:46.541972
760,1,261,36,35,2025-09-06 17:59:46.541972
761,2,262,72,31,2025-08-28 17:59:46.541972
762,3,263,74,3,2025-08-24 17:59:46.541972
763,4,264,75,16,2025-08-19 17:59:46.541972
764,5,265,34,20,2025-08-28 17:59:46.541972
765,6,266,74,37,2025-08-21 17:59:46.541972
766,7,267,28,17,2025-08-22 17:59:46.541972
767,8,268,88,10,2025-08-15 17:59:46.541972
768,9,269,68,16,2025-08-19 17:59:46.541972
769,10,270,37,36,2025-08-12 17:59:46.541972
770,1,271,75,19,2025-08-21 17:59:46.541972
771,2,272,74,38,2025-09-01 17:59:46.541972
772,3,273,92,45,2025-08-17 17:59:46.541972
773,4,274,71,33,2025-08-31 17:59:46.541972
774,5,275,72,29,2025-08-10 17:59:46.541972
775,6,276,80,15,2025-08-14 17:59:46.541972
776,7,277,73,14,2025-08-31 17:59:46.541972
777,8,278,3,8,2025-09-05 17:59:46.541972
778,9,279,87,29,2025-08-24 17:59:46.541972
779,10,280,88,23,2025-08-14 17:59:46.541972
780,1,281,90,25,2025-08-15 17:59:46.541972
781,2,282,79,13,2025-09-03 17:59:46.541972
782,3,283,96,19,2025-08-08 17:59:46.541972
783,4,284,16,35,2025-08-09 17:59:46.541972
784,5,285,76,38,2025-09-05 17:59:46.541972
785,6,286,57,21,2025-08-13 17:59:46.541972
786,7,287,44,23,2025-08-08 17:59:46.541972
787,8,288,91,0,2025-08-13 17:59:46.541972
788,9,289,85,17,2025-09-02 17:59:46.541972
789,10,290,68,3,2025-08-25 17:59:46.541972
790,1,291,66,4,2025-08-16 17:59:46.541972
791,2,292,95,50,2025-09-04 17:59:46.541972
792,3,293,63,33,2025-08-31 17:59:46.541972
793,4,294,81,18,2025-08-11 17:59:46.541972
794,5,295,66,24,2025-08-15 17:59:46.541972
795,6,296,90,28,2025-08-19 17:59:46.541972
796,7,297,7,22,2025-08-24 17:59:46.541972
797,8,298,79,3,2025-09-04 17:59:46.541972
798,9,299,31,5,2025-09-05 17:59:46.541972
799,10,300,42,23,2025-09-06 17:59:46.541972
800,1,301,80,17,2025-09-06 17:59:46.541972
801,2,302,50,39,2025-08-28 17:59:46.541972
802,3,303,8,43,2025-08-22 17:59:46.541972
803,4,304,95,48,2025-08-08 17:59:46.541972
804,5,305,77,47,2025-09-05 17:59:46.541972
805,6,306,57,26,2025-08-09 17:59:46.541972
806,7,307,46,40,2025-08-11 17:59:46.541972
807,8,308,32,26,2025-08-21 17:59:46.541972
808,9,309,30,42,2025-09-04 17:59:46.541972
809,10,310,84,22,2025-08-18 17:59:46.541972
810,1,311,7,37,2025-08-26 17:59:46.541972
811,2,312,75,44,2025-08-10 17:59:46.541972
812,3,313,51,3,2025-08-29 17:59:46.541972
813,4,314,17,49,2025-08-20 17:59:46.541972
814,5,315,63,31,2025-08-17 17:59:46.541972
815,6,316,77,38,2025-08-16 17:59:46.541972
816,7,317,76,27,2025-08-19 17:59:46.541972
817,8,318,94,25,2025-08-11 17:59:46.541972
818,9,319,13,15,2025-08-19 17:59:46.541972
819,10,320,8,21,2025-08-29 17:59:46.541972
820,1,321,35,48,2025-09-03 17:59:46.541972
821,2,322,12,0,2025-08-14 17:59:46.541972
822,3,323,48,9,2025-08-18 17:59:46.541972
823,4,324,11,27,2025-09-02 17:59:46.541972
824,5,325,14,20,2025-09-05 17:59:46.541972
825,6,326,82,43,2025-08-17 17:59:46.541972
826,7,327,83,20,2025-09-04 17:59:46.541972
827,8,328,83,46,2025-08-28 17:59:46.541972
828,9,329,94,7,2025-08-24 17:59:46.541972
829,10,330,54,5,2025-09-02 17:59:46.541972
830,1,331,23,21,2025-09-05 17:59:46.541972
831,2,332,7,28,2025-08-10 17:59:46.541972
832,3,333,32,21,2025-08-30 17:59:46.541972
833,4,334,10,49,2025-08-13 17:59:46.541972
834,5,335,44,31,2025-08-13 17:59:46.541972
835,6,336,9,46,2025-08-28 17:59:46.541972
836,7,337,41,50,2025-08-13 17:59:46.541972
837,8,338,61,43,2025-08-21 17:59:46.541972
838,9,339,66,29,2025-09-03 17:59:46.541972
839,10,340,29,38,2025-08-16 17:59:46.541972
840,1,341,49,37,2025-08-26 17:59:46.541972
841,2,342,31,44,2025-08-27 17:59:46.541972
842,3,343,92,17,2025-08-12 17:59:46.541972
843,4,344,93,44,2025-09-03 17:59:46.541972
844,5,345,54,17,2025-08-23 17:59:46.541972
845,6,346,92,5,2025-09-07 17:59:46.541972
846,7,347,33,15,2025-08-16 17:59:46.541972
847,8,348,68,45,2025-08-11 17:59:46.541972
848,9,349,34,21,2025-08-27 17:59:46.541972
849,10,350,27,16,2025-09-06 17:59:46.541972
850,1,351,81,43,2025-08-15 17:59:46.541972
851,2,352,6,17,2025-08-25 17:59:46.541972
852,3,353,59,0,2025-08-22 17:59:46.541972
853,4,354,68,36,2025-08-22 17:59:46.541972
854,5,355,63,10,2025-08-17 17:59:46.541972
855,6,356,3,14,2025-08-23 17:59:46.541972
856,7,357,21,5,2025-08-27 17:59:46.541972
857,8,358,57,37,2025-08-14 17:59:46.541972
858,9,359,82,29,2025-08-29 17:59:46.541972
859,10,360,38,18,2025-09-03 17:59:46.541972
860,1,361,57,13,2025-08-20 17:59:46.541972
861,2,362,49,47,2025-08-13 17:59:46.541972
862,3,363,78,17,2025-08-31 17:59:46.541972
863,4,364,86,30,2025-08-29 17:59:46.541972
864,5,365,46,48,2025-09-04 17:59:46.541972
865,6,366,68,18,2025-08-18 17:59:46.541972
866,7,367,96,2,2025-08-20 17:59:46.541972
867,8,368,51,29,2025-09-01 17:59:46.541972
868,9,369,68,47,2025-08-14 17:59:46.541972
869,10,370,88,15,2025-08-17 17:59:46.541972
870,1,371,2,46,2025-08-18 17:59:46.541972
871,2,372,95,40,2025-09-03 17:59:46.541972
872,3,373,77,28,2025-08-22 17:59:46.541972
873,4,374,8,27,2025-08-18 17:59:46.541972
874,5,375,63,34,2025-08-26 17:59:46.541972
875,6,376,95,1,2025-08-17 17:59:46.541972
876,7,377,2,5,2025-08-24 17:59:46.541972
877,8,378,19,43,2025-08-22 17:59:46.541972
878,9,379,20,27,2025-09-02 17:59:46.541972
879,10,380,40,26,2025-08-23 17:59:46.541972
880,1,381,20,50,2025-08-15 17:59:46.541972
881,2,382,2,0,2025-09-02 17:59:46.541972
882,3,383,39,40,2025-08-10 17:59:46.541972
883,4,384,94,41,2025-08-24 17:59:46.541972
884,5,385,10,1,2025-08-17 17:59:46.541972
885,6,386,3,9,2025-08-10 17:59:46.541972
886,7,387,6,12,2025-08-14 17:59:46.541972
887,8,388,7,15,2025-08-25 17:59:46.541972
888,9,389,67,12,2025-09-04 17:59:46.541972
889,10,390,95,48,2025-08-29 17:59:46.541972
890,1,391,61,41,2025-08-10 17:59:46.541972
891,2,392,58,6,2025-08-15 17:59:46.541972
892,3,393,14,13,2025-08-18 17:59:46.541972
893,4,394,16,30,2025-08-22 17:59:46.541972
894,5,395,36,31,2025-08-27 17:59:46.541972
895,6,396,25,13,2025-08-27 17:59:46.541972
896,7,397,41,39,2025-08-21 17:59:46.541972
897,8,398,59,45,2025-09-06 17:59:46.541972
898,9,399,30,6,2025-08-12 17:59:46.541972
899,10,400,53,11,2025-08-19 17:59:46.541972
900,1,401,79,38,2025-08-27 17:59:46.541972
901,2,402,85,27,2025-08-16 17:59:46.541972
902,3,403,7,28,2025-08-12 17:59:46.541972
903,4,404,62,2,2025-08-11 17:59:46.541972
904,5,405,39,35,2025-08-22 17:59:46.541972
905,6,406,39,33,2025-08-21 17:59:46.541972
906,7,407,9,19,2025-09-03 17:59:46.541972
907,8,408,60,50,2025-08-27 17:59:46.541972
908,9,409,4,28,2025-08-21 17:59:46.541972
909,10,410,94,31,2025-08-12 17:59:46.541972
910,1,411,60,19,2025-08-14 17:59:46.541972
911,2,412,89,33,2025-08-27 17:59:46.541972
912,3,413,34,10,2025-08-28 17:59:46.541972
913,4,414,19,48,2025-08-11 17:59:46.541972
914,5,415,67,9,2025-09-03 17:59:46.541972
915,6,416,78,11,2025-09-05 17:59:46.541972
916,7,417,11,22,2025-08-15 17:59:46.541972
917,8,418,28,8,2025-08-27 17:59:46.541972
918,9,419,78,27,2025-08-29 17:59:46.541972
919,10,420,96,3,2025-08-20 17:59:46.541972
920,1,421,88,18,2025-08-17 17:59:46.541972
921,2,422,67,17,2025-08-27 17:59:46.541972
922,3,423,94,17,2025-08-28 17:59:46.541972
923,4,424,87,43,2025-08-27 17:59:46.541972
924,5,425,95,28,2025-08-29 17:59:46.541972
925,6,426,5,43,2025-09-05 17:59:46.541972
926,7,427,51,17,2025-08-18 17:59:46.541972
927,8,428,17,15,2025-08-24 17:59:46.541972
928,9,429,29,6,2025-08-11 17:59:46.541972
929,10,430,70,16,2025-09-07 17:59:46.541972
930,1,431,73,11,2025-09-02 17:59:46.541972
931,2,432,21,10,2025-08-10 17:59:46.541972
932,3,433,40,36,2025-08-26 17:59:46.541972
933,4,434,97,3,2025-08-09 17:59:46.541972
934,5,435,11,34,2025-08-25 17:59:46.541972
935,6,436,94,5,2025-08-08 17:59:46.541972
936,7,437,19,31,2025-09-04 17:59:46.541972
937,8,438,19,9,2025-09-03 17:59:46.541972
938,9,439,58,22,2025-08-31 17:59:46.541972
939,10,440,31,28,2025-08-29 17:59:46.541972
940,1,441,96,24,2025-09-03 17:59:46.541972
941,2,442,55,36,2025-08-25 17:59:46.541972
942,3,443,47,26,2025-08-08 17:59:46.541972
943,4,444,53,28,2025-08-22 17:59:46.541972
944,5,445,99,18,2025-08-11 17:59:46.541972
945,6,446,44,39,2025-08-22 17:59:46.541972
946,7,447,27,24,2025-08-09 17:59:46.541972
947,8,448,43,36,2025-09-02 17:59:46.541972
948,9,449,24,4,2025-09-05 17:59:46.541972
949,10,450,94,28,2025-08-19 17:59:46.541972
950,1,451,12,41,2025-08-31 17:59:46.541972
951,2,452,81,29,2025-08-28 17:59:46.541972
952,3,453,15,19,2025-09-04 17:59:46.541972
953,4,454,35,1,2025-09-06 17:59:46.541972
954,5,455,63,48,2025-08-30 17:59:46.541972
955,6,456,82,48,2025-08-14 17:59:46.541972
956,7,457,80,35,2025-08-21 17:59:46.541972
957,8,458,81,0,2025-08-19 17:59:46.541972
958,9,459,28,19,2025-08-26 17:59:46.541972
959,10,460,63,47,2025-08-15 17:59:46.541972
960,1,461,81,17,2025-09-05 17:59:46.541972
961,2,462,60,23,2025-08-11 17:59:46.541972
962,3,463,47,44,2025-09-06 17:59:46.541972
963,4,464,8,6,2025-08-22 17:59:46.541972
964,5,465,96,46,2025-09-03 17:59:46.541972
965,6,466,61,50,2025-08-30 17:59:46.541972
966,7,467,27,33,2025-08-26 17:59:46.541972
967,8,468,14,29,2025-08-25 17:59:46.541972
968,9,469,66,35,2025-08-19 17:59:46.541972
969,10,470,45,37,2025-09-07 17:59:46.541972
970,1,471,96,24,2025-09-03 17:59:46.541972
971,2,472,15,4,2025-08-12 17:59:46.541972
972,3,473,29,10,2025-08-20 17:59:46.541972
973,4,474,90,42,2025-08-23 17:59:46.541972
974,5,475,95,38,2025-09-02 17:59:46.541972
975,6,476,48,48,2025-08-12 17:59:46.541972
976,7,477,41,39,2025-08-10 17:59:46.541972
977,8,478,55,6,2025-08-17 17:59:46.541972
978,9,479,40,43,2025-08-15 17:59:46.541972
979,10,480,83,13,2025-08-31 17:59:46.541972
980,1,481,49,4,2025-08-16 17:59:46.541972
981,2,482,64,34,2025-08-29 17:59:46.541972
982,3,483,27,26,2025-08-19 17:59:46.541972
983,4,484,20,23,2025-08-28 17:59:46.541972
984,5,485,57,12,2025-08-30 17:59:46.541972
985,6,486,67,12,2025-08-09 17:59:46.541972
986,7,487,79,36,2025-08-11 17:59:46.541972
987,8,488,63,43,2025-08-22 17:59:46.541972
988,9,489,95,9,2025-09-06 17:59:46.541972
989,10,490,39,17,2025-08-18 17:59:46.541972
990,1,491,98,13,2025-08-19 17:59:46.541972
991,2,492,96,45,2025-08-14 17:59:46.541972
992,3,493,39,9,2025-08-30 17:59:46.541972
993,4,494,88,40,2025-08-30 17:59:46.541972
994,5,495,36,49,2025-08-30 17:59:46.541972
995,6,496,1,15,2025-09-01 17:59:46.541972
996,7,497,40,16,2025-09-01 17:59:46.541972
997,8,498,48,20,2025-08-12 17:59:46.541972
998,9,499,40,19,2025-08-31 17:59:46.541972
999,10,500,24,48,2025-09-04 17:59:46.541972
1000,1,1,52,16,2025-08-25 17:59:46.541972
