id_movimiento,tipo_movimiento,id_producto,cantidad,fecha,id_empleado
3001,SALIDA,432,28,2025-03-26 08:16:41.955915,95
3002,SALIDA,381,22,2025-04-12 19:45:44.079719,15
3003,SALIDA,469,13,2025-05-10 08:33:25.276779,44
3004,ENTRADA,153,39,2025-08-31 19:21:46.898113,22
3005,ENTRADA,303,48,2025-04-01 00:36:28.867795,63
3006,SALIDA,310,5,2025-07-11 02:15:30.183222,8
3007,ENTRADA,427,30,2025-07-06 21:05:35.963773,97
3008,SALIDA,307,7,2025-07-30 16:43:00.096872,8
3009,SALIDA,279,36,2025-05-01 23:28:40.2468,30
3010,ENTRADA,59,26,2025-06-05 16:23:10.135559,52
3011,ENTRADA,156,39,2025-05-28 10:40:45.93343,64
3012,SALIDA,346,2,2025-08-30 01:07:52.366063,44
3013,ENTRADA,486,18,2025-05-24 00:19:27.769319,67
3014,SALIDA,321,42,2025-04-05 21:44:16.829676,88
3015,ENTRADA,143,44,2025-07-25 00:10:34.55422,12
3016,SALIDA,198,11,2025-04-19 05:17:35.98528,58
3017,SALIDA,125,12,2025-05-09 08:48:03.808592,76
3018,ENTRADA,178,37,2025-06-28 00:31:55.25725,69
3019,SALIDA,221,38,2025-03-25 19:22:17.123744,24
3020,ENTRADA,364,22,2025-07-25 05:24:25.776108,40
3021,ENTRADA,212,28,2025-06-10 13:46:01.741096,17
3022,ENTRADA,80,31,2025-04-08 07:58:19.126728,12
3023,ENTRADA,18,28,2025-03-12 02:59:39.860351,80
3024,SALIDA,96,2,2025-05-05 08:14:05.648187,14
3025,ENTRADA,410,31,2025-03-15 06:56:46.72947,62
3026,ENTRADA,387,46,2025-03-17 21:56:24.656206,19
3027,SALIDA,137,9,2025-07-20 12:24:55.317685,51
3028,ENTRADA,48,5,2025-07-27 03:03:19.782368,2
3029,ENTRADA,456,49,2025-08-10 16:53:07.356319,98
3030,ENTRADA,493,36,2025-07-14 21:10:46.342738,14
3031,ENTRADA,292,6,2025-06-04 00:05:03.26215,31
3032,ENTRADA,226,14,2025-08-17 12:58:03.107793,51
3033,SALIDA,206,38,2025-03-28 11:05:30.144538,70
3034,ENTRADA,244,29,2025-06-17 20:07:52.686032,88
3035,ENTRADA,488,15,2025-06-11 15:44:35.466991,44
3036,SALIDA,295,24,2025-07-14 22:18:09.210412,13
3037,ENTRADA,442,5,2025-03-20 20:31:28.774715,41
3038,SALIDA,353,15,2025-06-12 07:06:50.436579,89
3039,ENTRADA,266,48,2025-05-10 07:01:43.906747,12
3040,SALIDA,496,9,2025-04-11 16:02:12.045049,9
3041,SALIDA,416,12,2025-04-22 11:58:01.432183,24
3042,ENTRADA,22,39,2025-06-29 14:44:36.095845,79
3043,SALIDA,92,34,2025-06-21 14:12:10.305317,84
3044,ENTRADA,418,44,2025-09-03 14:48:13.663811,92
3045,ENTRADA,118,8,2025-03-11 16:44:35.917788,98
3046,SALIDA,227,30,2025-08-08 21:05:00.003648,43
3047,SALIDA,232,41,2025-08-26 16:58:53.882044,90
3048,SALIDA,98,43,2025-06-17 07:19:05.897584,14
3049,ENTRADA,427,19,2025-04-29 17:15:14.039922,14
3050,ENTRADA,249,31,2025-05-14 12:30:42.579609,36
3051,ENTRADA,429,38,2025-04-16 17:32:05.598558,52
3052,SALIDA,479,40,2025-07-15 01:11:03.599715,8
3053,SALIDA,153,32,2025-06-23 05:56:36.759566,93
3054,SALIDA,240,9,2025-08-07 16:30:28.705521,2
3055,SALIDA,92,29,2025-09-06 12:02:41.128877,23
3056,ENTRADA,10,19,2025-04-10 00:38:59.436224,69
3057,SALIDA,288,13,2025-05-01 13:26:24.19486,37
3058,ENTRADA,288,14,2025-08-05 10:30:32.252907,42
3059,SALIDA,82,45,2025-05-11 01:58:28.727678,31
3060,SALIDA,398,44,2025-04-03 18:13:44.440586,14
3061,ENTRADA,313,35,2025-03-23 09:30:24.24718,88
3062,ENTRADA,499,31,2025-05-29 17:19:49.55445,52
3063,ENTRADA,297,2,2025-04-02 14:10:06.74222,25
3064,ENTRADA,351,19,2025-07-20 00:12:16.338762,42
3065,ENTRADA,437,40,2025-03-21 14:01:28.261878,95
3066,ENTRADA,463,19,2025-08-03 22:28:14.22308,7
3067,ENTRADA,448,30,2025-07-31 09:05:59.203009,72
3068,ENTRADA,119,27,2025-07-02 18:53:41.689602,77
3069,SALIDA,325,12,2025-04-28 13:38:07.111155,52
3070,SALIDA,408,36,2025-08-26 02:14:06.635156,8
3071,SALIDA,246,28,2025-06-30 18:42:55.680433,39
3072,ENTRADA,391,41,2025-04-11 22:24:46.350745,3
3073,ENTRADA,340,39,2025-07-09 19:06:56.046558,26
3074,ENTRADA,46,20,2025-04-05 16:05:27.474181,14
3075,SALIDA,294,10,2025-06-30 15:21:56.934664,2
3076,SALIDA,220,48,2025-07-17 03:22:39.666382,88
3077,ENTRADA,338,22,2025-03-29 21:00:06.513447,45
3078,SALIDA,446,14,2025-04-16 11:40:47.530187,33
3079,ENTRADA,274,33,2025-09-04 02:23:30.193923,56
3080,SALIDA,358,26,2025-07-02 07:54:22.996272,87
3081,ENTRADA,239,45,2025-04-16 01:16:13.167937,14
3082,SALIDA,390,51,2025-05-18 18:50:44.069899,91
3083,ENTRADA,90,32,2025-09-03 03:52:38.881612,99
3084,SALIDA,192,32,2025-06-03 18:35:17.894203,26
3085,SALIDA,365,42,2025-03-15 14:51:20.012788,69
3086,ENTRADA,65,28,2025-05-27 17:46:40.702487,97
3087,ENTRADA,403,31,2025-07-09 02:07:43.146871,8
3088,SALIDA,144,25,2025-05-09 12:48:57.42481,94
3089,SALIDA,64,25,2025-08-03 06:15:38.842823,77
3090,ENTRADA,141,9,2025-07-31 23:23:26.630871,1
3091,SALIDA,152,43,2025-07-12 08:21:43.139147,80
3092,SALIDA,220,7,2025-06-29 18:50:46.857741,73
3093,SALIDA,234,35,2025-07-22 21:07:02.352686,57
3094,ENTRADA,275,4,2025-07-22 16:32:24.802229,50
3095,ENTRADA,498,16,2025-06-14 23:26:21.182164,93
3096,ENTRADA,223,19,2025-08-14 20:06:10.02307,48
3097,ENTRADA,202,49,2025-08-13 20:32:30.090568,32
3098,ENTRADA,47,49,2025-05-02 04:51:11.504134,69
3099,ENTRADA,293,11,2025-06-08 11:36:35.182957,7
3100,ENTRADA,388,22,2025-03-11 08:58:44.306637,41
3101,ENTRADA,440,19,2025-04-15 02:16:22.289229,18
3102,SALIDA,308,27,2025-05-20 07:03:04.328374,74
3103,SALIDA,449,5,2025-08-03 20:08:58.267573,36
3104,SALIDA,305,4,2025-03-25 02:43:02.708483,25
3105,SALIDA,436,3,2025-04-14 09:07:41.679414,19
3106,ENTRADA,266,8,2025-07-19 13:33:23.735743,44
3107,ENTRADA,333,40,2025-09-04 03:17:41.429005,85
3108,ENTRADA,241,19,2025-05-17 23:45:50.916539,18
3109,SALIDA,441,28,2025-06-21 04:06:20.726802,45
3110,SALIDA,87,22,2025-07-02 08:22:32.343306,10
3111,SALIDA,264,46,2025-08-12 03:36:27.050264,19
3112,ENTRADA,74,50,2025-06-21 09:22:53.077235,71
3113,ENTRADA,284,30,2025-03-16 13:52:18.081599,60
3114,ENTRADA,173,41,2025-06-26 00:34:22.795963,50
3115,SALIDA,23,39,2025-08-24 23:12:45.984074,22
3116,ENTRADA,80,39,2025-03-21 13:43:58.617121,35
3117,ENTRADA,362,13,2025-07-17 09:53:15.805504,31
3118,ENTRADA,464,13,2025-07-07 17:52:22.902705,21
3119,SALIDA,461,12,2025-04-05 12:42:44.580009,75
3120,SALIDA,309,36,2025-07-11 15:14:25.959452,57
3121,ENTRADA,89,27,2025-05-15 08:37:46.476349,67
3122,ENTRADA,441,27,2025-03-30 18:43:37.491149,68
3123,SALIDA,175,33,2025-03-13 16:45:23.626717,27
3124,SALIDA,476,17,2025-07-05 00:56:15.244208,94
3125,SALIDA,205,14,2025-03-31 03:57:22.125823,9
3126,SALIDA,426,35,2025-04-15 05:34:55.420152,72
3127,ENTRADA,64,10,2025-04-25 17:09:40.691382,36
3128,ENTRADA,484,46,2025-03-17 22:55:03.425147,97
3129,ENTRADA,136,20,2025-05-02 19:18:36.226772,13
3130,SALIDA,141,44,2025-08-17 17:02:08.240662,35
3131,SALIDA,208,7,2025-08-18 22:25:46.643262,94
3132,SALIDA,351,15,2025-03-14 17:02:17.992047,83
3133,SALIDA,106,20,2025-04-21 17:25:46.777007,22
3134,ENTRADA,430,32,2025-08-13 20:18:29.314415,72
3135,ENTRADA,114,25,2025-04-29 17:19:09.341277,78
3136,ENTRADA,231,48,2025-08-09 10:52:44.346735,8
3137,SALIDA,189,28,2025-05-16 12:49:25.303484,58
3138,SALIDA,451,47,2025-05-11 10:27:11.077081,10
3139,ENTRADA,449,36,2025-07-21 13:58:09.408718,59
3140,ENTRADA,358,32,2025-09-04 11:35:08.224457,46
3141,ENTRADA,226,49,2025-05-03 10:28:21.121596,5
3142,ENTRADA,408,22,2025-06-27 01:53:52.05253,9
3143,ENTRADA,431,30,2025-06-13 03:46:46.465134,39
3144,ENTRADA,423,21,2025-06-14 10:20:28.82703,2
3145,SALIDA,313,3,2025-08-28 12:01:43.83071,28
3146,ENTRADA,256,40,2025-07-05 01:55:19.110655,90
3147,SALIDA,438,10,2025-09-04 16:52:14.313799,71
3148,ENTRADA,460,32,2025-04-04 11:51:59.739896,49
3149,SALIDA,348,33,2025-08-29 08:52:20.720122,28
3150,SALIDA,453,43,2025-05-30 16:49:07.889366,61
3151,SALIDA,99,31,2025-04-20 00:19:46.184487,41
3152,ENTRADA,216,29,2025-06-26 15:26:38.734002,62
3153,ENTRADA,424,44,2025-08-07 02:00:19.817987,54
3154,ENTRADA,373,11,2025-06-15 04:19:50.287943,91
3155,SALIDA,177,46,2025-08-12 05:35:33.77546,71
3156,ENTRADA,96,49,2025-08-06 06:08:35.356376,81
3157,ENTRADA,404,9,2025-08-24 20:58:27.401983,21
3158,SALIDA,122,4,2025-04-19 23:46:25.152475,59
3159,SALIDA,147,13,2025-03-27 14:54:34.461386,79
3160,ENTRADA,366,11,2025-07-19 18:47:04.932446,58
3161,ENTRADA,232,44,2025-05-11 19:55:40.33886,59
3162,ENTRADA,112,22,2025-06-26 05:17:21.735309,98
3163,ENTRADA,245,41,2025-05-12 20:37:18.315165,24
3164,SALIDA,297,31,2025-07-01 18:13:59.921062,38
3165,SALIDA,63,49,2025-08-11 14:40:11.55854,22
3166,SALIDA,277,38,2025-05-13 09:39:09.547163,3
3167,ENTRADA,197,49,2025-08-25 08:05:33.542637,59
3168,ENTRADA,360,27,2025-04-25 05:29:21.91488,6
3169,SALIDA,128,21,2025-07-29 11:08:45.192956,4
3170,SALIDA,64,39,2025-07-16 05:40:40.070502,81
3171,ENTRADA,258,47,2025-05-02 11:03:25.404174,32
3172,ENTRADA,494,26,2025-06-02 22:37:05.177641,62
3173,ENTRADA,352,40,2025-03-11 23:52:37.405508,14
3174,ENTRADA,365,44,2025-03-29 05:36:28.880435,98
3175,SALIDA,397,23,2025-09-06 14:53:07.473818,5
3176,SALIDA,198,39,2025-05-15 19:10:40.005642,26
3177,SALIDA,79,15,2025-06-28 17:49:19.216659,86
3178,ENTRADA,329,30,2025-08-05 07:21:20.317512,91
3179,ENTRADA,42,45,2025-07-27 15:47:07.291843,69
3180,SALIDA,29,16,2025-04-29 16:46:59.446726,91
3181,ENTRADA,406,29,2025-08-23 01:16:47.929291,24
3182,ENTRADA,365,35,2025-08-03 20:29:49.277778,21
3183,SALIDA,18,47,2025-04-27 06:44:26.322982,36
3184,ENTRADA,189,47,2025-08-03 08:00:27.622467,28
3185,SALIDA,9,18,2025-06-24 00:45:05.004182,12
3186,SALIDA,454,18,2025-07-01 05:37:33.803252,59
3187,ENTRADA,1,35,2025-03-11 20:19:15.273331,11
3188,SALIDA,424,24,2025-04-01 16:01:22.873009,21
3189,ENTRADA,427,35,2025-08-13 09:24:51.130603,94
3190,ENTRADA,196,15,2025-05-11 17:13:00.075095,14
3191,SALIDA,360,24,2025-06-07 19:08:15.477356,22
3192,SALIDA,248,20,2025-05-04 17:27:07.213793,55
3193,SALIDA,402,7,2025-07-06 09:30:32.139523,51
3194,SALIDA,6,2,2025-06-03 07:50:50.742787,10
3195,ENTRADA,81,31,2025-05-19 15:10:03.469418,65
3196,ENTRADA,224,46,2025-08-21 06:05:18.283571,71
3197,ENTRADA,94,8,2025-06-09 16:58:25.971624,9
3198,ENTRADA,68,50,2025-05-16 10:42:55.804448,16
3199,SALIDA,167,13,2025-08-04 06:45:26.127062,22
3200,SALIDA,412,49,2025-07-12 00:22:30.016643,7
3201,SALIDA,297,37,2025-06-19 11:14:37.956094,90
3202,SALIDA,413,26,2025-08-04 08:36:34.254496,82
3203,SALIDA,175,49,2025-08-17 08:05:21.575289,12
3204,SALIDA,108,33,2025-08-26 14:36:06.969287,48
3205,SALIDA,151,50,2025-08-21 02:51:02.332648,83
3206,SALIDA,87,43,2025-05-19 20:43:36.456284,61
3207,ENTRADA,369,49,2025-07-19 04:29:21.163529,24
3208,SALIDA,75,26,2025-08-02 07:17:24.625574,57
3209,SALIDA,26,26,2025-07-29 04:25:54.27602,98
3210,ENTRADA,113,47,2025-09-06 07:56:28.529711,88
3211,ENTRADA,99,14,2025-06-29 19:01:34.837758,17
3212,ENTRADA,123,7,2025-06-26 16:05:00.505167,36
3213,ENTRADA,95,18,2025-07-18 04:57:35.75726,79
3214,ENTRADA,219,20,2025-05-04 22:27:39.272299,69
3215,ENTRADA,459,8,2025-04-28 14:17:02.678415,98
3216,SALIDA,29,20,2025-08-26 09:20:17.458999,82
3217,SALIDA,163,18,2025-04-21 10:53:48.301003,74
3218,ENTRADA,161,2,2025-06-30 05:43:49.788669,31
3219,SALIDA,453,33,2025-05-26 18:11:04.147842,34
3220,SALIDA,453,26,2025-06-26 16:41:27.070057,80
3221,ENTRADA,237,13,2025-03-19 22:25:43.67328,76
3222,ENTRADA,55,26,2025-06-11 22:26:01.244337,13
3223,SALIDA,324,48,2025-09-04 14:21:54.296632,87
3224,ENTRADA,275,20,2025-08-11 02:32:55.930038,11
3225,SALIDA,195,43,2025-07-08 02:12:23.486799,47
3226,ENTRADA,360,25,2025-04-22 06:21:24.951998,16
3227,ENTRADA,154,39,2025-07-20 12:17:26.285057,48
3228,SALIDA,337,16,2025-07-27 11:03:43.60919,68
3229,ENTRADA,434,6,2025-08-02 02:55:21.56817,54
3230,ENTRADA,176,26,2025-09-03 21:53:07.090112,74
3231,ENTRADA,68,28,2025-07-18 12:42:11.016794,74
3232,ENTRADA,15,48,2025-08-18 03:20:08.036166,97
3233,SALIDA,346,50,2025-05-13 12:02:29.926876,85
3234,ENTRADA,496,39,2025-08-13 06:27:05.752936,29
3235,ENTRADA,403,11,2025-08-08 13:13:40.336488,17
3236,SALIDA,173,24,2025-03-23 08:56:30.755726,19
3237,ENTRADA,258,46,2025-04-10 19:12:03.941943,92
3238,ENTRADA,125,47,2025-07-13 05:01:20.100648,9
3239,ENTRADA,317,6,2025-06-21 03:31:38.352911,55
3240,ENTRADA,91,37,2025-06-18 08:16:22.236839,60
3241,SALIDA,15,48,2025-09-01 00:33:00.9581,73
3242,ENTRADA,270,7,2025-09-06 21:26:19.491986,71
3243,SALIDA,227,36,2025-07-20 00:46:28.919479,78
3244,ENTRADA,295,14,2025-07-14 21:45:20.425408,73
3245,SALIDA,390,24,2025-03-17 12:03:14.010445,7
3246,SALIDA,476,31,2025-05-09 12:09:17.920324,14
3247,ENTRADA,376,12,2025-07-05 23:29:49.695431,98
3248,ENTRADA,245,20,2025-04-09 19:05:27.202595,47
3249,SALIDA,324,41,2025-06-20 00:30:45.529885,75
3250,ENTRADA,413,44,2025-06-27 10:35:51.749562,97
3251,ENTRADA,303,8,2025-03-28 23:44:24.851186,35
3252,SALIDA,409,40,2025-04-11 16:36:29.266776,45
3253,ENTRADA,142,36,2025-03-17 12:24:48.62323,42
3254,SALIDA,44,16,2025-07-01 11:12:30.099925,33
3255,ENTRADA,396,23,2025-06-21 04:57:44.495433,57
3256,ENTRADA,136,49,2025-06-21 18:46:19.960578,1
3257,SALIDA,424,36,2025-05-20 00:31:15.857229,19
3258,SALIDA,32,37,2025-06-12 22:39:52.814875,67
3259,SALIDA,192,20,2025-04-24 01:20:18.902067,57
3260,ENTRADA,224,27,2025-05-29 17:33:18.698871,53
3261,SALIDA,417,2,2025-06-26 18:17:50.784545,27
3262,ENTRADA,257,48,2025-04-20 20:22:19.380348,31
3263,ENTRADA,459,39,2025-07-13 01:21:59.079995,56
3264,SALIDA,20,34,2025-08-09 10:16:02.76412,83
3265,ENTRADA,467,43,2025-05-13 00:09:17.414481,56
3266,ENTRADA,333,9,2025-06-28 05:27:18.255297,26
3267,ENTRADA,167,28,2025-07-30 14:26:38.063556,90
3268,ENTRADA,362,7,2025-08-14 05:27:58.184267,71
3269,SALIDA,405,16,2025-03-21 11:11:19.931762,88
3270,SALIDA,99,41,2025-04-03 14:56:44.786753,94
3271,SALIDA,409,38,2025-09-04 03:01:19.77578,30
3272,SALIDA,28,37,2025-04-12 00:27:25.601412,22
3273,ENTRADA,238,27,2025-05-14 06:21:19.424339,68
3274,ENTRADA,307,26,2025-04-16 14:48:22.878759,52
3275,ENTRADA,371,45,2025-07-06 09:30:35.43152,52
3276,SALIDA,485,32,2025-07-17 21:22:33.011313,12
3277,ENTRADA,121,40,2025-05-30 03:21:57.507809,15
3278,SALIDA,406,48,2025-03-25 07:36:35.055674,40
3279,SALIDA,34,40,2025-05-04 21:37:46.347838,42
3280,SALIDA,388,3,2025-08-29 16:59:35.013343,68
3281,SALIDA,332,14,2025-07-09 19:24:04.878817,94
3282,SALIDA,189,33,2025-09-06 09:19:30.234962,36
3283,SALIDA,151,27,2025-04-21 20:16:29.993218,100
3284,ENTRADA,420,15,2025-05-30 10:49:08.125835,10
3285,SALIDA,223,48,2025-06-06 17:01:50.7251,63
3286,ENTRADA,168,26,2025-04-21 15:47:22.91887,1
3287,ENTRADA,322,45,2025-07-24 18:02:06.071554,48
3288,SALIDA,127,25,2025-08-21 14:45:27.542036,3
3289,SALIDA,452,48,2025-05-08 01:14:10.044309,98
3290,ENTRADA,69,19,2025-06-16 01:16:49.950411,80
3291,ENTRADA,384,12,2025-03-30 19:42:09.46123,86
3292,SALIDA,15,3,2025-07-16 17:45:26.236691,23
3293,ENTRADA,307,17,2025-08-31 02:03:32.724134,24
3294,SALIDA,128,29,2025-08-23 13:47:41.335305,74
3295,ENTRADA,347,18,2025-04-05 04:32:45.203325,6
3296,SALIDA,286,4,2025-08-16 06:22:44.600515,86
3297,SALIDA,87,49,2025-08-25 17:08:47.296534,68
3298,SALIDA,262,46,2025-06-29 04:31:14.069833,32
3299,SALIDA,384,18,2025-04-04 22:32:34.357502,2
3300,SALIDA,359,9,2025-07-01 19:50:46.033106,69
3301,SALIDA,476,33,2025-06-13 15:28:51.911751,63
3302,ENTRADA,263,17,2025-03-31 23:23:55.875541,12
3303,SALIDA,345,33,2025-05-23 07:15:38.194701,69
3304,ENTRADA,395,38,2025-05-06 01:11:20.537399,32
3305,SALIDA,322,47,2025-09-04 01:36:11.034359,82
3306,ENTRADA,452,31,2025-09-01 01:54:56.03599,88
3307,SALIDA,397,12,2025-03-11 00:03:04.687566,34
3308,ENTRADA,453,28,2025-04-04 02:11:17.28789,100
3309,ENTRADA,127,38,2025-07-12 23:13:26.073556,30
3310,SALIDA,411,44,2025-08-07 07:34:21.278336,44
3311,SALIDA,439,3,2025-07-10 05:30:31.371917,72
3312,ENTRADA,126,26,2025-08-18 09:51:28.502343,49
3313,SALIDA,467,25,2025-03-20 08:42:41.508964,60
3314,SALIDA,284,41,2025-03-26 23:54:59.268642,37
3315,ENTRADA,304,18,2025-08-23 14:18:27.501673,33
3316,ENTRADA,230,36,2025-07-25 08:48:01.125155,83
3317,ENTRADA,431,23,2025-08-11 14:31:44.56128,90
3318,SALIDA,339,16,2025-05-02 16:06:33.707548,82
3319,SALIDA,113,24,2025-05-19 08:26:46.988102,14
3320,ENTRADA,460,37,2025-05-23 15:08:59.06395,5
3321,SALIDA,77,38,2025-08-26 20:20:18.016187,65
3322,SALIDA,300,31,2025-04-14 19:40:54.241435,4
3323,SALIDA,341,25,2025-06-05 18:59:22.456471,51
3324,SALIDA,313,11,2025-03-21 22:48:41.514204,88
3325,SALIDA,500,22,2025-06-10 08:55:20.352454,33
3326,SALIDA,218,35,2025-03-11 06:16:02.647135,36
3327,ENTRADA,430,6,2025-04-09 15:35:32.500175,42
3328,ENTRADA,464,30,2025-06-11 14:15:11.301257,91
3329,SALIDA,289,43,2025-08-23 14:26:42.861387,96
3330,ENTRADA,46,42,2025-04-07 10:16:19.552533,12
3331,ENTRADA,262,37,2025-04-05 18:25:26.334688,89
3332,ENTRADA,167,46,2025-04-26 02:13:07.88385,26
3333,SALIDA,419,7,2025-06-28 04:52:48.27356,60
3334,SALIDA,168,41,2025-08-20 10:15:41.553186,17
3335,ENTRADA,1,30,2025-04-23 05:56:14.964571,59
3336,ENTRADA,484,34,2025-06-04 11:55:08.307687,50
3337,SALIDA,36,36,2025-05-31 09:09:26.112283,95
3338,SALIDA,315,18,2025-07-14 14:03:44.532136,92
3339,SALIDA,362,19,2025-03-31 19:18:42.285731,45
3340,ENTRADA,61,34,2025-06-05 08:33:26.792038,45
3341,ENTRADA,66,2,2025-03-11 21:36:07.337969,54
3342,ENTRADA,170,16,2025-09-01 21:22:41.156654,39
3343,ENTRADA,204,22,2025-07-11 13:15:17.596827,46
3344,ENTRADA,341,31,2025-04-03 23:49:15.829381,43
3345,ENTRADA,294,24,2025-05-23 02:09:54.827344,62
3346,SALIDA,151,13,2025-05-07 19:37:33.033126,71
3347,SALIDA,300,19,2025-06-04 09:26:02.958534,9
3348,SALIDA,416,32,2025-04-21 04:40:55.96751,6
3349,SALIDA,31,15,2025-07-27 06:05:17.884937,74
3350,ENTRADA,359,31,2025-06-14 13:04:12.835239,7
3351,ENTRADA,57,35,2025-06-17 04:31:18.636114,5
3352,ENTRADA,443,30,2025-07-29 08:50:41.61867,40
3353,SALIDA,316,2,2025-03-28 16:11:00.126569,68
3354,SALIDA,346,4,2025-08-08 06:00:23.180129,96
3355,SALIDA,446,5,2025-04-29 07:16:08.423617,48
3356,ENTRADA,130,31,2025-06-23 04:02:57.195544,50
3357,ENTRADA,189,4,2025-07-20 22:35:18.072816,40
3358,SALIDA,264,25,2025-06-22 14:11:24.381923,41
3359,ENTRADA,351,3,2025-03-10 23:33:39.909297,50
3360,ENTRADA,330,38,2025-06-02 13:16:02.644478,60
3361,ENTRADA,26,35,2025-04-21 18:38:58.816034,70
3362,ENTRADA,139,21,2025-04-26 04:54:15.420025,6
3363,ENTRADA,98,34,2025-03-17 22:58:29.737886,47
3364,SALIDA,260,23,2025-04-16 11:00:54.079597,70
3365,ENTRADA,492,31,2025-06-07 20:35:37.830724,62
3366,ENTRADA,162,13,2025-03-15 05:55:23.759516,19
3367,ENTRADA,187,31,2025-05-08 08:57:53.734367,14
3368,SALIDA,12,32,2025-03-23 09:58:40.49215,5
3369,SALIDA,415,21,2025-04-11 19:39:40.47904,100
3370,ENTRADA,155,34,2025-03-14 15:37:28.684549,54
3371,ENTRADA,57,33,2025-04-20 17:58:41.047393,7
3372,SALIDA,234,4,2025-04-28 21:24:59.631554,43
3373,ENTRADA,394,14,2025-09-06 20:23:02.704235,44
3374,SALIDA,240,32,2025-06-14 01:18:01.268177,69
3375,ENTRADA,228,4,2025-05-05 10:46:25.741286,97
3376,ENTRADA,398,22,2025-04-23 19:26:47.682667,33
3377,SALIDA,249,47,2025-06-06 15:25:08.53934,98
3378,SALIDA,209,6,2025-05-09 08:01:26.984384,65
3379,ENTRADA,226,43,2025-04-22 13:30:06.701971,26
3380,SALIDA,283,2,2025-05-14 02:23:03.500447,29
3381,ENTRADA,23,32,2025-03-27 12:16:46.218131,89
3382,ENTRADA,64,33,2025-04-08 14:57:27.768251,33
3383,SALIDA,31,26,2025-05-18 08:52:10.797705,44
3384,ENTRADA,143,33,2025-05-14 14:02:36.96638,14
3385,ENTRADA,492,44,2025-04-20 11:28:14.493712,91
3386,ENTRADA,402,47,2025-06-21 15:11:48.470258,20
3387,SALIDA,5,20,2025-08-30 12:21:19.89341,57
3388,ENTRADA,260,41,2025-03-27 01:47:23.048106,66
3389,SALIDA,253,32,2025-07-04 05:16:16.083476,83
3390,SALIDA,89,48,2025-08-15 07:42:54.910603,89
3391,ENTRADA,335,46,2025-07-09 08:33:48.486714,66
3392,ENTRADA,344,50,2025-05-29 17:54:30.174251,2
3393,ENTRADA,415,37,2025-08-09 21:54:18.211136,77
3394,SALIDA,343,22,2025-04-29 07:23:39.967009,11
3395,SALIDA,201,13,2025-04-20 14:21:13.503718,80
3396,ENTRADA,29,9,2025-06-25 12:00:20.483197,62
3397,ENTRADA,385,18,2025-05-23 18:16:17.225846,4
3398,SALIDA,25,31,2025-08-03 12:05:27.279303,68
3399,ENTRADA,228,16,2025-04-01 01:34:46.774924,22
3400,SALIDA,76,48,2025-06-14 09:43:44.407901,66
3401,SALIDA,388,9,2025-04-06 06:19:00.509792,19
3402,SALIDA,454,40,2025-05-04 16:42:14.614328,98
3403,SALIDA,433,17,2025-07-05 06:11:03.688717,39
3404,SALIDA,395,42,2025-07-21 22:51:15.364844,61
3405,ENTRADA,365,19,2025-04-23 13:48:52.82844,15
3406,ENTRADA,45,18,2025-08-23 14:45:46.051638,53
3407,SALIDA,168,3,2025-04-26 03:57:29.929211,54
3408,SALIDA,453,31,2025-03-21 19:49:42.946761,76
3409,ENTRADA,298,12,2025-04-01 16:32:59.775836,90
3410,ENTRADA,281,15,2025-03-12 18:24:39.521932,58
3411,SALIDA,384,17,2025-08-12 14:23:01.685413,45
3412,SALIDA,242,40,2025-08-11 12:35:46.346009,8
3413,SALIDA,375,6,2025-06-04 01:39:31.822165,53
3414,ENTRADA,279,31,2025-07-23 22:42:25.894344,85
3415,SALIDA,415,38,2025-08-08 00:31:29.846781,92
3416,SALIDA,464,7,2025-07-23 09:06:14.487511,55
3417,SALIDA,4,19,2025-07-19 16:32:34.165239,2
3418,ENTRADA,428,18,2025-04-09 02:47:55.018296,6
3419,SALIDA,59,47,2025-03-23 13:11:26.019687,66
3420,ENTRADA,239,2,2025-03-17 07:31:34.94737,86
3421,SALIDA,274,15,2025-07-25 12:51:21.347661,62
3422,SALIDA,256,11,2025-05-29 17:25:24.395112,19
3423,ENTRADA,266,3,2025-04-08 22:06:03.18559,12
3424,SALIDA,373,12,2025-03-24 13:38:24.300511,62
3425,ENTRADA,450,45,2025-04-27 09:32:47.998824,84
3426,SALIDA,432,48,2025-08-07 12:22:07.022272,75
3427,SALIDA,201,35,2025-07-31 03:30:07.89683,3
3428,SALIDA,16,5,2025-07-25 02:18:58.200767,56
3429,SALIDA,135,45,2025-06-24 21:29:47.498097,61
3430,ENTRADA,479,34,2025-04-11 04:04:41.091074,53
3431,SALIDA,430,23,2025-07-24 09:28:55.226656,84
3432,SALIDA,489,46,2025-07-11 07:48:51.100732,34
3433,ENTRADA,6,11,2025-06-30 16:46:08.652435,30
3434,ENTRADA,493,28,2025-06-12 06:35:22.574187,77
3435,ENTRADA,266,10,2025-04-25 18:08:49.089519,86
3436,ENTRADA,29,9,2025-07-18 09:31:58.48615,73
3437,SALIDA,106,40,2025-05-22 17:56:11.065856,47
3438,SALIDA,417,2,2025-06-08 07:25:54.343724,31
3439,ENTRADA,232,29,2025-05-07 06:57:30.189509,92
3440,SALIDA,249,16,2025-03-17 06:28:17.830654,55
3441,SALIDA,251,42,2025-05-09 03:01:24.979549,45
3442,ENTRADA,364,2,2025-04-29 21:09:15.452453,35
3443,ENTRADA,127,17,2025-08-29 18:46:58.565668,27
3444,ENTRADA,434,13,2025-07-05 22:27:46.019472,41
3445,SALIDA,126,13,2025-06-27 20:14:19.073211,15
3446,SALIDA,298,28,2025-06-09 16:42:31.882337,39
3447,SALIDA,460,33,2025-08-24 14:32:45.904123,49
3448,ENTRADA,88,11,2025-06-04 07:40:35.806363,57
3449,SALIDA,71,43,2025-08-14 15:31:53.955153,33
3450,SALIDA,13,17,2025-03-22 06:07:53.99338,97
3451,SALIDA,138,50,2025-09-06 10:19:44.129285,58
3452,SALIDA,132,27,2025-08-01 11:42:13.469104,93
3453,ENTRADA,499,4,2025-09-06 14:31:10.009666,54
3454,SALIDA,196,42,2025-05-09 10:30:17.748942,67
3455,ENTRADA,162,12,2025-08-09 20:16:51.559542,51
3456,SALIDA,292,50,2025-09-01 08:20:49.688812,65
3457,SALIDA,436,10,2025-05-20 04:11:31.47041,77
3458,SALIDA,104,3,2025-09-05 13:33:19.933031,53
3459,ENTRADA,358,39,2025-08-05 15:06:54.004627,13
3460,ENTRADA,397,18,2025-05-10 14:15:55.425271,33
3461,SALIDA,290,14,2025-03-27 18:35:42.733339,75
3462,SALIDA,25,14,2025-07-29 02:36:03.043626,67
3463,SALIDA,447,30,2025-05-22 12:28:53.266976,40
3464,ENTRADA,143,50,2025-07-15 00:23:38.451307,72
3465,SALIDA,110,9,2025-04-03 08:55:44.99954,6
3466,SALIDA,204,17,2025-08-26 19:15:59.786747,14
3467,ENTRADA,233,8,2025-05-22 20:08:56.028536,26
3468,ENTRADA,342,28,2025-06-21 08:38:29.697691,72
3469,ENTRADA,89,32,2025-07-25 12:55:52.134727,60
3470,ENTRADA,152,30,2025-06-22 00:41:48.419998,81
3471,SALIDA,220,5,2025-09-06 16:52:34.107139,73
3472,SALIDA,99,10,2025-04-15 02:25:26.906316,59
3473,SALIDA,70,22,2025-04-17 16:41:55.79495,88
3474,ENTRADA,111,32,2025-05-26 15:15:00.594657,10
3475,SALIDA,88,6,2025-06-21 23:42:07.743841,1
3476,SALIDA,339,9,2025-05-05 16:14:06.877964,98
3477,ENTRADA,234,11,2025-05-07 07:55:53.569333,50
3478,SALIDA,459,34,2025-06-13 04:09:59.823184,15
3479,ENTRADA,486,37,2025-08-14 05:46:18.665173,66
3480,ENTRADA,93,4,2025-06-27 22:20:39.190984,61
3481,ENTRADA,411,51,2025-06-02 08:26:06.914396,4
3482,SALIDA,28,19,2025-09-05 15:16:21.7097,58
3483,ENTRADA,293,10,2025-04-03 10:13:11.345615,74
3484,ENTRADA,396,32,2025-03-19 08:03:50.613732,5
3485,ENTRADA,355,45,2025-04-02 05:59:35.612693,92
3486,ENTRADA,464,3,2025-08-14 17:05:58.965483,31
3487,SALIDA,150,28,2025-06-28 11:12:23.696189,80
3488,ENTRADA,63,12,2025-07-04 19:29:57.639586,97
3489,ENTRADA,197,1,2025-04-18 09:42:24.359218,42
3490,SALIDA,420,18,2025-07-25 23:27:08.970409,88
3491,ENTRADA,323,25,2025-08-28 13:33:59.072942,99
3492,ENTRADA,468,18,2025-03-30 19:24:55.676047,64
3493,ENTRADA,164,47,2025-03-11 02:35:46.795191,31
3494,SALIDA,469,19,2025-03-16 15:51:04.597001,93
3495,SALIDA,451,21,2025-07-13 09:49:51.918441,33
3496,ENTRADA,295,39,2025-06-26 09:41:45.36966,35
3497,SALIDA,430,31,2025-05-06 05:39:55.853752,51
3498,SALIDA,211,43,2025-04-08 10:12:55.957809,74
3499,ENTRADA,105,30,2025-05-19 22:29:47.087251,69
3500,ENTRADA,35,20,2025-08-29 05:03:10.070034,67
3501,ENTRADA,444,49,2025-03-23 04:41:05.292998,82
3502,ENTRADA,150,28,2025-07-13 20:38:25.253687,90
3503,ENTRADA,339,46,2025-05-14 18:25:15.91342,4
3504,SALIDA,474,20,2025-07-15 21:11:11.314232,30
3505,SALIDA,72,47,2025-08-30 23:38:05.797516,46
3506,SALIDA,479,31,2025-08-09 18:37:48.352221,16
3507,SALIDA,496,22,2025-07-25 15:33:00.372009,21
3508,SALIDA,371,26,2025-06-07 20:10:23.166665,63
3509,SALIDA,432,49,2025-06-30 11:33:39.472666,92
3510,SALIDA,441,22,2025-05-17 05:03:37.384948,22
3511,SALIDA,287,21,2025-03-14 04:38:34.96007,40
3512,SALIDA,364,12,2025-07-28 10:38:21.656195,29
3513,ENTRADA,378,6,2025-05-30 16:46:54.557487,49
3514,SALIDA,451,42,2025-03-18 23:21:43.691816,92
3515,SALIDA,225,9,2025-07-02 06:15:49.113897,97
3516,SALIDA,259,35,2025-06-30 06:58:44.742745,87
3517,ENTRADA,388,32,2025-06-10 10:52:28.895866,8
3518,ENTRADA,173,40,2025-06-14 15:53:19.992604,62
3519,SALIDA,199,17,2025-04-24 22:44:28.118988,32
3520,ENTRADA,30,13,2025-06-07 14:07:20.844562,78
3521,ENTRADA,80,45,2025-06-09 20:06:06.046141,80
3522,ENTRADA,21,9,2025-05-20 03:52:48.645393,57
3523,SALIDA,54,11,2025-07-01 10:30:29.505253,83
3524,SALIDA,59,39,2025-08-22 18:29:03.86149,90
3525,ENTRADA,22,12,2025-05-16 18:14:10.898416,35
3526,SALIDA,242,6,2025-06-26 22:35:31.310224,70
3527,ENTRADA,180,31,2025-06-08 08:45:14.780691,56
3528,ENTRADA,176,43,2025-07-28 07:48:08.530911,63
3529,SALIDA,24,50,2025-04-28 03:14:14.423117,16
3530,SALIDA,197,35,2025-05-13 07:03:17.514414,71
3531,SALIDA,196,33,2025-04-04 12:31:26.820912,46
3532,SALIDA,71,26,2025-08-30 17:39:13.918138,89
3533,SALIDA,243,49,2025-03-22 01:11:25.025916,5
3534,SALIDA,271,35,2025-06-20 10:10:21.339683,98
3535,SALIDA,224,1,2025-06-19 17:15:15.794159,46
3536,ENTRADA,191,28,2025-04-06 09:34:55.37785,37
3537,SALIDA,294,1,2025-06-28 06:08:08.035381,30
3538,ENTRADA,366,28,2025-07-28 05:29:11.113102,23
3539,ENTRADA,429,37,2025-07-05 05:11:27.298009,60
3540,ENTRADA,3,31,2025-03-29 19:49:03.239553,39
3541,SALIDA,191,30,2025-03-21 09:28:24.532277,10
3542,SALIDA,100,43,2025-08-20 10:57:09.802117,45
3543,ENTRADA,451,18,2025-06-09 14:56:00.054755,91
3544,SALIDA,261,13,2025-09-04 14:51:32.595123,49
3545,ENTRADA,221,8,2025-08-22 21:39:59.384575,51
3546,SALIDA,67,31,2025-05-26 12:07:46.875094,86
3547,ENTRADA,424,17,2025-08-24 11:19:45.769635,3
3548,ENTRADA,484,37,2025-07-20 15:19:13.719553,65
3549,SALIDA,428,24,2025-04-03 22:19:57.847414,86
3550,SALIDA,45,7,2025-05-17 20:00:18.478861,37
3551,SALIDA,365,16,2025-07-14 10:38:33.216592,9
3552,ENTRADA,122,42,2025-07-18 04:00:27.193061,89
3553,ENTRADA,287,44,2025-07-31 08:46:26.147516,71
3554,ENTRADA,260,46,2025-06-25 04:26:31.95919,46
3555,ENTRADA,118,45,2025-08-29 13:15:39.794944,3
3556,SALIDA,176,19,2025-08-02 22:12:39.768424,82
3557,SALIDA,251,27,2025-07-12 07:09:12.970094,45
3558,SALIDA,298,42,2025-08-15 03:04:13.851949,62
3559,ENTRADA,258,15,2025-03-16 17:24:20.550306,59
3560,ENTRADA,73,31,2025-07-01 14:53:56.526589,94
3561,ENTRADA,357,33,2025-09-04 03:43:17.809477,48
3562,ENTRADA,283,38,2025-04-15 19:22:57.404205,97
3563,ENTRADA,464,37,2025-08-13 12:01:57.535438,37
3564,ENTRADA,368,32,2025-06-26 03:06:41.777751,99
3565,ENTRADA,310,9,2025-06-30 00:09:34.430034,84
3566,SALIDA,53,10,2025-07-25 21:53:02.577147,48
3567,SALIDA,193,10,2025-08-14 21:02:30.190576,71
3568,ENTRADA,215,36,2025-05-07 14:28:36.53786,59
3569,ENTRADA,451,38,2025-04-04 01:47:55.346286,39
3570,SALIDA,366,37,2025-03-30 12:45:21.239225,93
3571,ENTRADA,92,12,2025-08-16 21:52:21.32139,14
3572,ENTRADA,82,9,2025-07-18 06:20:17.012165,88
3573,ENTRADA,354,18,2025-06-27 19:34:50.141408,78
3574,SALIDA,100,34,2025-08-25 08:09:26.281126,80
3575,SALIDA,387,39,2025-03-16 19:41:31.976879,85
3576,ENTRADA,24,51,2025-05-17 00:26:12.495159,70
3577,SALIDA,94,29,2025-06-22 04:07:26.548421,63
3578,ENTRADA,110,44,2025-04-16 14:01:57.524385,50
3579,SALIDA,143,12,2025-06-28 12:01:00.735457,89
3580,ENTRADA,391,21,2025-05-16 20:13:59.793698,27
3581,SALIDA,373,39,2025-04-10 03:22:25.541074,35
3582,SALIDA,494,33,2025-09-06 07:39:26.466644,81
3583,SALIDA,366,27,2025-05-02 16:29:00.179236,55
3584,ENTRADA,19,12,2025-07-23 17:34:43.872023,6
3585,SALIDA,410,40,2025-06-23 04:23:14.228879,73
3586,ENTRADA,98,27,2025-07-26 23:56:34.519388,44
3587,SALIDA,9,40,2025-06-27 11:52:44.720214,18
3588,ENTRADA,280,26,2025-07-21 21:42:49.389786,51
3589,ENTRADA,367,25,2025-03-22 20:51:46.928147,98
3590,SALIDA,438,45,2025-06-19 00:20:49.38628,2
3591,SALIDA,429,43,2025-05-27 14:29:40.862089,62
3592,ENTRADA,265,34,2025-07-25 16:05:49.373096,38
3593,ENTRADA,21,2,2025-07-17 06:13:08.516907,98
3594,ENTRADA,359,34,2025-06-13 10:06:29.876255,34
3595,SALIDA,278,47,2025-07-02 09:13:07.68956,79
3596,SALIDA,472,3,2025-04-10 08:58:43.855206,19
3597,ENTRADA,348,11,2025-06-23 17:43:29.688557,12
3598,ENTRADA,467,32,2025-08-29 19:17:12.542718,54
3599,SALIDA,154,50,2025-06-20 16:28:23.842878,23
3600,ENTRADA,488,7,2025-04-15 20:02:06.090674,41
3601,SALIDA,339,20,2025-09-02 16:47:06.916402,86
3602,SALIDA,164,26,2025-06-24 10:51:44.8552,94
3603,SALIDA,270,16,2025-07-27 15:52:25.883295,69
3604,SALIDA,341,6,2025-06-25 09:23:59.578171,23
3605,SALIDA,338,17,2025-06-26 04:56:05.657094,82
3606,ENTRADA,229,21,2025-06-10 18:27:46.144104,43
3607,SALIDA,3,49,2025-03-19 22:28:30.464048,63
3608,ENTRADA,290,47,2025-08-26 01:05:50.043796,55
3609,ENTRADA,303,49,2025-08-07 14:00:47.353329,67
3610,SALIDA,458,34,2025-04-15 06:43:48.049721,79
3611,ENTRADA,266,6,2025-07-02 14:03:37.363103,54
3612,ENTRADA,273,51,2025-08-30 14:01:32.019822,4
3613,SALIDA,91,35,2025-08-08 08:28:55.702801,18
3614,SALIDA,115,7,2025-03-23 13:51:44.505188,87
3615,SALIDA,208,43,2025-07-18 02:37:31.018436,59
3616,SALIDA,228,5,2025-07-26 16:14:46.275123,39
3617,SALIDA,143,9,2025-04-01 03:52:45.227258,20
3618,SALIDA,441,2,2025-04-27 11:52:25.545383,89
3619,SALIDA,235,34,2025-05-15 01:41:22.033797,67
3620,ENTRADA,110,13,2025-08-08 06:08:30.916574,92
3621,SALIDA,175,31,2025-07-19 02:10:31.717388,32
3622,SALIDA,236,23,2025-04-16 23:48:51.604044,98
3623,ENTRADA,383,1,2025-06-07 15:12:24.207028,42
3624,ENTRADA,444,12,2025-06-12 07:16:53.944944,11
3625,ENTRADA,239,14,2025-04-20 20:42:47.645502,87
3626,SALIDA,138,35,2025-04-25 19:57:21.56451,80
3627,ENTRADA,351,35,2025-03-17 22:42:35.664045,48
3628,ENTRADA,249,5,2025-04-07 20:33:27.210394,37
3629,SALIDA,338,43,2025-04-01 05:43:36.460999,8
3630,SALIDA,144,14,2025-06-19 00:03:44.261261,64
3631,SALIDA,204,19,2025-05-09 10:20:43.347664,88
3632,ENTRADA,486,40,2025-08-18 04:02:00.234754,52
3633,SALIDA,281,29,2025-04-25 13:15:36.745661,5
3634,ENTRADA,33,15,2025-08-30 03:01:24.557568,53
3635,SALIDA,122,30,2025-06-13 20:08:09.338267,84
3636,ENTRADA,122,32,2025-07-07 20:28:49.652289,97
3637,SALIDA,304,23,2025-03-24 03:58:34.940376,24
3638,ENTRADA,293,14,2025-03-27 02:03:14.506508,61
3639,SALIDA,464,16,2025-08-14 12:54:25.971969,46
3640,ENTRADA,79,20,2025-07-17 01:28:08.508452,45
3641,ENTRADA,218,42,2025-06-28 01:53:11.127128,8
3642,ENTRADA,345,8,2025-05-10 19:48:13.031019,52
3643,SALIDA,235,38,2025-04-04 15:28:02.28464,87
3644,ENTRADA,238,31,2025-03-30 04:50:26.218458,75
3645,ENTRADA,407,44,2025-04-03 00:56:23.528316,94
3646,ENTRADA,335,16,2025-07-02 11:33:46.373298,89
3647,ENTRADA,175,35,2025-08-06 18:37:07.76222,77
3648,ENTRADA,416,42,2025-06-26 04:15:38.149553,68
3649,SALIDA,168,9,2025-04-02 18:46:33.076553,92
3650,ENTRADA,172,46,2025-04-08 17:16:21.004821,45
3651,ENTRADA,461,13,2025-06-05 17:44:45.54496,90
3652,SALIDA,191,32,2025-06-06 02:31:48.842728,39
3653,SALIDA,149,16,2025-05-10 19:16:54.187712,73
3654,ENTRADA,149,42,2025-05-02 00:38:46.431946,93
3655,SALIDA,363,46,2025-07-09 22:52:44.334203,92
3656,ENTRADA,240,10,2025-06-08 06:48:25.416831,58
3657,SALIDA,408,20,2025-06-07 09:02:23.460392,14
3658,ENTRADA,23,38,2025-08-20 09:56:45.404319,15
3659,SALIDA,53,1,2025-08-28 13:09:21.897896,23
3660,ENTRADA,440,36,2025-06-15 06:53:14.65638,47
3661,ENTRADA,482,12,2025-08-05 10:11:27.442629,84
3662,SALIDA,425,35,2025-04-13 17:43:57.844836,64
3663,ENTRADA,372,47,2025-04-05 20:45:19.781091,32
3664,ENTRADA,230,50,2025-05-14 11:15:00.399986,28
3665,ENTRADA,287,29,2025-06-02 12:30:14.334704,59
3666,ENTRADA,52,22,2025-07-05 20:36:26.210007,56
3667,SALIDA,15,6,2025-04-09 06:10:30.29798,55
3668,SALIDA,417,40,2025-07-26 16:19:03.772141,76
3669,SALIDA,459,48,2025-05-24 09:47:17.089181,35
3670,ENTRADA,194,15,2025-07-08 05:34:21.483691,4
3671,SALIDA,287,7,2025-05-20 21:52:19.890089,3
3672,ENTRADA,317,40,2025-05-09 23:12:23.419362,85
3673,ENTRADA,315,15,2025-05-15 12:13:43.643009,46
3674,SALIDA,305,49,2025-06-28 11:17:42.633877,12
3675,SALIDA,155,50,2025-08-25 12:52:50.317638,27
3676,SALIDA,160,35,2025-07-13 06:52:53.862978,48
3677,SALIDA,434,27,2025-06-11 16:27:34.376029,32
3678,SALIDA,13,22,2025-05-07 05:11:59.257865,98
3679,ENTRADA,380,3,2025-07-11 05:13:37.078707,72
3680,SALIDA,243,48,2025-04-12 08:03:45.163941,54
3681,ENTRADA,193,21,2025-06-02 02:01:23.190915,85
3682,ENTRADA,137,23,2025-04-22 05:44:48.379657,87
3683,SALIDA,331,48,2025-05-10 11:21:41.184065,69
3684,ENTRADA,288,22,2025-08-19 02:06:43.88692,40
3685,ENTRADA,37,36,2025-06-21 07:51:24.585013,97
3686,SALIDA,293,17,2025-04-11 07:45:15.073534,90
3687,ENTRADA,94,11,2025-07-30 08:40:33.440271,83
3688,ENTRADA,191,18,2025-08-11 02:51:09.787823,58
3689,SALIDA,374,5,2025-04-07 21:34:48.734977,75
3690,SALIDA,418,6,2025-03-16 19:50:12.800694,97
3691,ENTRADA,225,44,2025-06-01 08:02:34.920711,55
3692,ENTRADA,101,4,2025-06-25 15:44:53.260126,57
3693,SALIDA,327,46,2025-05-06 11:20:04.702891,41
3694,ENTRADA,436,49,2025-04-24 08:32:39.45484,80
3695,ENTRADA,433,19,2025-06-08 18:39:43.15359,30
3696,ENTRADA,175,6,2025-06-04 08:35:03.974707,45
3697,ENTRADA,303,5,2025-05-21 09:51:01.053311,67
3698,ENTRADA,53,16,2025-04-19 08:19:13.340666,83
3699,ENTRADA,284,20,2025-06-04 00:36:05.198909,49
3700,SALIDA,402,25,2025-05-30 11:51:05.044048,56
3701,ENTRADA,336,6,2025-08-01 01:54:38.845573,3
3702,ENTRADA,145,48,2025-04-28 23:26:28.194156,55
3703,ENTRADA,63,21,2025-06-23 13:25:28.54614,27
3704,SALIDA,453,2,2025-04-03 20:21:37.57996,35
3705,ENTRADA,86,11,2025-03-23 07:35:40.863255,11
3706,ENTRADA,177,45,2025-09-03 14:48:20.486023,56
3707,SALIDA,4,28,2025-06-16 04:38:07.232845,73
3708,SALIDA,262,42,2025-08-09 09:02:44.443972,74
3709,SALIDA,449,7,2025-04-30 15:24:29.691583,78
3710,ENTRADA,333,13,2025-04-29 06:33:37.872794,36
3711,ENTRADA,124,46,2025-07-11 11:36:49.78525,51
3712,ENTRADA,87,21,2025-08-13 19:03:10.819831,42
3713,SALIDA,35,29,2025-07-04 11:32:35.270093,12
3714,SALIDA,54,39,2025-03-18 17:52:16.314282,60
3715,SALIDA,160,42,2025-06-03 22:13:39.027263,60
3716,SALIDA,143,41,2025-07-17 00:31:10.9597,49
3717,SALIDA,328,24,2025-08-21 10:34:36.865977,11
3718,SALIDA,46,16,2025-09-01 06:13:04.667674,7
3719,SALIDA,37,24,2025-05-28 12:21:37.984652,97
3720,ENTRADA,402,17,2025-07-19 08:54:33.850231,47
3721,SALIDA,465,34,2025-04-30 14:52:12.1921,30
3722,SALIDA,342,7,2025-06-18 01:40:21.351676,33
3723,ENTRADA,177,1,2025-04-08 04:43:35.753638,67
3724,ENTRADA,9,38,2025-06-25 01:04:02.113499,89
3725,ENTRADA,202,11,2025-04-19 12:55:06.833838,51
3726,ENTRADA,248,39,2025-08-30 21:54:11.674824,84
3727,SALIDA,198,48,2025-07-26 03:53:08.164815,96
3728,SALIDA,234,44,2025-05-30 12:57:18.867396,39
3729,SALIDA,157,15,2025-07-31 06:37:24.135587,72
3730,SALIDA,162,41,2025-06-16 01:23:49.938004,45
3731,ENTRADA,454,21,2025-06-24 11:24:47.863337,30
3732,SALIDA,475,4,2025-08-02 14:13:30.13936,59
3733,ENTRADA,305,4,2025-04-13 18:04:27.411821,94
3734,ENTRADA,359,29,2025-05-23 20:43:03.378255,21
3735,SALIDA,236,28,2025-08-17 04:35:35.722395,7
3736,ENTRADA,461,41,2025-06-26 07:11:28.976346,81
3737,ENTRADA,262,6,2025-04-11 14:06:15.066583,81
3738,ENTRADA,232,11,2025-05-16 15:16:43.549373,26
3739,SALIDA,451,33,2025-07-22 13:21:31.015807,76
3740,ENTRADA,51,38,2025-05-15 21:42:20.780481,49
3741,ENTRADA,135,22,2025-05-06 07:48:40.76974,75
3742,ENTRADA,111,22,2025-04-29 20:49:15.90863,76
3743,ENTRADA,59,41,2025-07-31 15:18:42.568933,50
3744,SALIDA,499,4,2025-08-31 13:36:02.076549,39
3745,SALIDA,46,33,2025-06-23 15:38:48.602796,49
3746,ENTRADA,204,42,2025-08-31 11:48:22.348398,19
3747,ENTRADA,478,21,2025-07-11 11:43:07.226119,96
3748,SALIDA,102,23,2025-03-27 04:06:09.346419,70
3749,SALIDA,468,24,2025-04-02 22:53:51.978747,88
3750,ENTRADA,72,2,2025-04-01 06:39:34.305318,81
3751,ENTRADA,159,36,2025-06-11 18:41:38.575926,67
3752,ENTRADA,182,41,2025-05-07 01:48:50.727201,93
3753,SALIDA,111,5,2025-08-19 09:07:57.893199,83
3754,ENTRADA,174,39,2025-08-15 05:28:45.640527,40
3755,ENTRADA,316,12,2025-08-13 01:14:01.499401,35
3756,ENTRADA,389,31,2025-03-24 00:52:26.42188,35
3757,ENTRADA,469,26,2025-05-27 04:42:14.506491,75
3758,SALIDA,269,10,2025-09-05 08:07:07.905275,7
3759,ENTRADA,128,22,2025-04-28 19:42:06.848985,82
3760,ENTRADA,472,9,2025-05-30 08:40:20.814406,70
3761,SALIDA,478,37,2025-03-15 15:56:25.725359,17
3762,ENTRADA,484,19,2025-08-08 04:29:00.665683,83
3763,ENTRADA,98,27,2025-03-15 15:50:07.95799,42
3764,ENTRADA,298,40,2025-08-03 06:56:30.432689,50
3765,ENTRADA,15,15,2025-08-28 06:21:18.851924,23
3766,SALIDA,240,14,2025-04-03 22:33:16.644089,9
3767,SALIDA,198,33,2025-03-31 07:20:02.420085,65
3768,SALIDA,17,21,2025-08-20 03:27:10.838928,19
3769,ENTRADA,143,8,2025-04-19 15:03:35.193234,69
3770,SALIDA,251,44,2025-07-06 17:08:08.449474,82
3771,SALIDA,391,25,2025-05-19 03:57:28.704203,22
3772,ENTRADA,285,51,2025-07-29 17:47:34.384882,70
3773,ENTRADA,433,36,2025-03-17 03:19:43.038614,43
3774,ENTRADA,201,23,2025-06-28 13:26:38.34734,47
3775,ENTRADA,303,49,2025-05-11 15:32:29.88184,29
3776,ENTRADA,24,25,2025-08-15 17:54:05.320481,50
3777,ENTRADA,497,45,2025-03-23 06:21:40.765337,44
3778,SALIDA,447,14,2025-04-04 12:15:10.705519,61
3779,ENTRADA,83,15,2025-06-16 16:51:57.859749,2
3780,ENTRADA,270,4,2025-07-10 07:33:12.461724,73
3781,ENTRADA,485,32,2025-07-29 08:12:10.643886,96
3782,ENTRADA,448,11,2025-04-07 18:51:10.257925,75
3783,SALIDA,212,33,2025-03-24 17:27:32.392234,55
3784,SALIDA,424,2,2025-06-05 07:29:29.686638,29
3785,SALIDA,341,3,2025-03-24 02:25:04.983911,93
3786,ENTRADA,366,29,2025-06-11 22:36:57.720362,40
3787,SALIDA,174,27,2025-07-22 19:24:14.792953,20
3788,ENTRADA,318,2,2025-07-01 17:56:46.469082,100
3789,ENTRADA,463,26,2025-06-02 04:29:15.000308,53
3790,ENTRADA,230,15,2025-06-08 05:39:03.17483,87
3791,SALIDA,410,37,2025-05-14 02:44:24.627508,67
3792,ENTRADA,12,32,2025-07-06 19:49:15.553883,48
3793,SALIDA,16,48,2025-05-16 18:20:49.762546,35
3794,SALIDA,164,6,2025-04-30 21:13:41.424229,11
3795,SALIDA,97,24,2025-05-01 14:36:24.451433,14
3796,SALIDA,11,18,2025-03-31 21:34:32.015065,21
3797,ENTRADA,198,33,2025-06-26 06:19:07.300678,78
3798,ENTRADA,487,11,2025-04-29 20:08:13.473688,24
3799,SALIDA,28,48,2025-06-13 23:56:09.012467,43
3800,SALIDA,274,49,2025-06-25 09:01:48.933853,70
3801,SALIDA,286,14,2025-04-21 11:47:48.797356,3
3802,SALIDA,21,50,2025-06-28 06:04:15.282723,23
3803,SALIDA,282,48,2025-03-25 07:06:18.754748,59
3804,SALIDA,106,43,2025-07-17 03:09:37.865761,18
3805,SALIDA,359,19,2025-05-14 04:57:40.090609,99
3806,ENTRADA,179,47,2025-06-11 18:06:38.735985,5
3807,SALIDA,414,27,2025-08-24 11:28:29.271292,67
3808,ENTRADA,162,15,2025-07-29 23:01:59.787127,47
3809,SALIDA,471,38,2025-04-03 17:03:52.637432,24
3810,ENTRADA,290,41,2025-04-23 01:56:35.55003,73
3811,SALIDA,71,8,2025-06-16 13:47:45.284767,13
3812,ENTRADA,478,36,2025-05-07 06:28:18.21072,20
3813,ENTRADA,198,40,2025-03-16 20:15:45.68976,31
3814,ENTRADA,390,48,2025-06-09 00:36:10.866578,4
3815,ENTRADA,1,42,2025-05-08 10:06:58.271505,60
3816,ENTRADA,69,14,2025-03-13 10:22:14.811143,57
3817,SALIDA,202,14,2025-06-09 12:37:40.029411,51
3818,ENTRADA,231,19,2025-04-07 17:31:35.587745,28
3819,SALIDA,247,46,2025-04-12 13:02:38.177026,4
3820,ENTRADA,321,38,2025-04-23 20:18:26.852167,21
3821,ENTRADA,334,17,2025-06-21 06:47:46.357713,45
3822,SALIDA,12,8,2025-03-20 05:30:26.050908,66
3823,SALIDA,7,11,2025-05-27 05:57:02.463097,91
3824,SALIDA,375,27,2025-09-01 11:03:58.328277,76
3825,SALIDA,3,40,2025-06-14 11:53:31.910034,78
3826,SALIDA,148,30,2025-07-22 18:27:16.046953,99
3827,ENTRADA,320,47,2025-07-17 12:13:39.454314,50
3828,SALIDA,232,30,2025-03-17 00:55:37.798505,64
3829,SALIDA,166,12,2025-06-01 08:44:16.9687,53
3830,SALIDA,95,13,2025-04-19 05:52:43.109049,83
3831,SALIDA,7,22,2025-05-24 14:13:31.216462,3
3832,SALIDA,440,24,2025-04-23 14:31:32.812887,19
3833,ENTRADA,143,38,2025-04-06 11:12:03.557586,38
3834,ENTRADA,481,41,2025-07-26 03:28:23.107672,83
3835,ENTRADA,95,34,2025-04-25 12:04:34.856969,18
3836,SALIDA,319,11,2025-05-16 17:56:02.105123,64
3837,SALIDA,393,2,2025-07-12 20:42:42.237654,26
3838,SALIDA,81,37,2025-06-06 16:17:27.486237,48
3839,ENTRADA,476,40,2025-07-11 13:54:35.445765,68
3840,SALIDA,371,5,2025-04-03 12:52:39.253086,72
3841,SALIDA,189,33,2025-07-14 02:50:49.951634,16
3842,ENTRADA,98,11,2025-04-28 00:06:42.473874,80
3843,ENTRADA,317,39,2025-08-18 18:25:34.108822,36
3844,ENTRADA,432,4,2025-05-23 21:23:28.764594,11
3845,SALIDA,440,36,2025-05-17 13:49:02.038041,70
3846,SALIDA,496,35,2025-04-16 13:10:35.146264,39
3847,ENTRADA,457,29,2025-03-28 07:08:17.577755,50
3848,ENTRADA,404,34,2025-07-18 23:01:38.3391,56
3849,ENTRADA,148,27,2025-03-14 10:30:38.292518,58
3850,SALIDA,146,19,2025-05-12 05:15:00.426666,68
3851,SALIDA,387,3,2025-03-18 15:38:21.936699,24
3852,SALIDA,407,14,2025-07-19 22:10:32.356279,33
3853,ENTRADA,228,10,2025-05-21 19:18:05.930417,7
3854,ENTRADA,480,9,2025-05-22 19:17:02.394078,37
3855,SALIDA,478,39,2025-04-12 23:18:51.72295,52
3856,SALIDA,169,18,2025-07-20 01:10:37.665085,72
3857,SALIDA,317,26,2025-07-20 12:47:29.26798,59
3858,ENTRADA,181,13,2025-06-23 19:47:36.640398,61
3859,SALIDA,16,36,2025-06-01 02:13:09.683399,24
3860,SALIDA,41,30,2025-06-06 04:00:34.994851,29
3861,SALIDA,398,44,2025-05-23 13:46:28.826048,53
3862,ENTRADA,32,24,2025-04-02 04:39:02.939507,75
3863,SALIDA,199,50,2025-05-31 16:05:57.402778,10
3864,ENTRADA,279,8,2025-03-11 21:06:03.703327,38
3865,ENTRADA,217,5,2025-07-11 06:37:27.988075,3
3866,ENTRADA,110,9,2025-06-03 11:05:43.99509,17
3867,ENTRADA,385,10,2025-06-16 12:47:39.100648,32
3868,SALIDA,298,15,2025-03-27 00:36:00.157648,55
3869,SALIDA,416,39,2025-04-26 23:16:31.366957,74
3870,SALIDA,399,29,2025-07-11 04:28:08.526225,46
3871,SALIDA,392,50,2025-04-27 00:28:04.504905,94
3872,SALIDA,266,15,2025-07-04 10:20:34.655154,13
3873,SALIDA,156,50,2025-05-20 00:01:44.886326,72
3874,SALIDA,218,49,2025-06-24 18:20:44.737602,43
3875,ENTRADA,71,9,2025-05-02 17:44:24.412296,72
3876,ENTRADA,213,50,2025-04-19 11:47:23.633826,10
3877,ENTRADA,448,49,2025-08-25 19:15:39.640558,3
3878,SALIDA,150,18,2025-08-21 19:06:56.902429,7
3879,ENTRADA,21,33,2025-09-01 12:12:57.320747,2
3880,SALIDA,264,14,2025-06-30 08:49:53.007133,4
3881,ENTRADA,396,47,2025-05-07 12:48:55.215693,77
3882,SALIDA,351,48,2025-06-20 08:01:40.584178,47
3883,SALIDA,322,29,2025-06-19 04:03:28.166777,15
3884,SALIDA,336,17,2025-07-15 14:46:45.757842,27
3885,SALIDA,472,15,2025-04-18 12:39:22.004653,53
3886,SALIDA,482,42,2025-06-26 07:25:57.037029,25
3887,ENTRADA,499,6,2025-04-26 07:46:08.129104,5
3888,ENTRADA,29,18,2025-04-26 14:18:52.772504,50
3889,ENTRADA,302,6,2025-08-17 11:18:16.989666,27
3890,SALIDA,339,41,2025-04-21 13:22:23.104811,82
3891,SALIDA,82,13,2025-08-10 00:16:04.753682,54
3892,ENTRADA,285,20,2025-04-13 07:33:07.34576,98
3893,SALIDA,31,22,2025-03-31 21:35:46.046771,37
3894,ENTRADA,113,3,2025-04-02 04:47:02.243962,88
3895,ENTRADA,350,38,2025-08-27 13:56:18.806305,80
3896,SALIDA,147,22,2025-07-02 02:29:25.305922,69
3897,ENTRADA,259,37,2025-04-05 13:48:13.082859,14
3898,ENTRADA,68,5,2025-07-01 16:44:55.148159,72
3899,SALIDA,176,2,2025-07-17 05:30:21.732105,52
3900,ENTRADA,59,6,2025-05-01 20:44:38.067703,16
3901,SALIDA,311,14,2025-04-11 12:13:52.347434,19
3902,SALIDA,212,15,2025-05-29 14:59:17.846812,44
3903,SALIDA,453,15,2025-05-07 14:34:50.724715,44
3904,ENTRADA,105,5,2025-08-11 17:54:41.637466,51
3905,SALIDA,364,43,2025-05-17 14:51:49.311424,15
3906,ENTRADA,98,4,2025-05-18 08:33:57.562505,59
3907,ENTRADA,169,46,2025-08-20 21:19:04.187866,3
3908,SALIDA,493,32,2025-07-31 09:50:41.930135,30
3909,SALIDA,386,27,2025-07-19 02:26:00.406956,3
3910,SALIDA,333,16,2025-03-31 02:01:09.506126,38
3911,ENTRADA,65,17,2025-08-15 15:19:36.227601,49
3912,ENTRADA,179,42,2025-08-05 07:06:41.554075,49
3913,ENTRADA,71,19,2025-03-27 01:08:11.883548,48
3914,SALIDA,267,31,2025-07-19 03:11:18.166566,10
3915,SALIDA,441,22,2025-03-11 08:47:49.447585,54
3916,SALIDA,193,18,2025-06-20 07:05:46.852614,5
3917,ENTRADA,193,34,2025-06-26 19:55:31.903998,57
3918,SALIDA,53,32,2025-08-26 03:53:52.059687,95
3919,ENTRADA,345,5,2025-04-03 17:28:29.7148,21
3920,SALIDA,368,35,2025-04-25 13:21:18.566493,74
3921,ENTRADA,391,43,2025-05-26 02:12:58.974333,12
3922,ENTRADA,252,8,2025-06-04 04:37:46.520217,36
3923,ENTRADA,453,42,2025-05-24 08:07:02.607455,7
3924,ENTRADA,479,36,2025-09-03 11:17:20.652873,38
3925,ENTRADA,68,18,2025-07-23 19:23:32.485612,90
3926,ENTRADA,229,7,2025-06-28 01:51:52.8895,17
3927,ENTRADA,136,11,2025-05-31 20:26:19.527104,30
3928,ENTRADA,305,51,2025-04-13 20:54:36.562518,95
3929,SALIDA,181,40,2025-03-26 10:24:16.239592,27
3930,SALIDA,476,16,2025-03-29 01:39:33.413112,98
3931,ENTRADA,330,24,2025-05-15 00:33:44.066756,88
3932,ENTRADA,269,10,2025-03-14 19:43:47.603365,10
3933,SALIDA,356,14,2025-04-08 10:14:36.058758,49
3934,ENTRADA,360,48,2025-08-07 17:55:34.043823,97
3935,SALIDA,226,31,2025-06-10 23:43:45.49228,45
3936,SALIDA,103,4,2025-08-30 18:54:03.234087,60
3937,SALIDA,107,23,2025-08-16 06:26:19.278341,91
3938,SALIDA,85,35,2025-06-01 17:11:22.631313,91
3939,SALIDA,37,14,2025-05-10 11:43:18.08632,21
3940,ENTRADA,201,29,2025-08-20 15:52:14.022749,87
3941,SALIDA,108,8,2025-08-18 13:28:00.778514,64
3942,SALIDA,318,17,2025-04-19 21:23:18.833807,62
3943,ENTRADA,425,29,2025-05-17 21:11:42.594678,21
3944,SALIDA,100,8,2025-05-08 19:42:55.897712,24
3945,SALIDA,264,1,2025-03-14 00:41:29.290308,64
3946,ENTRADA,455,2,2025-09-01 07:07:27.073098,44
3947,SALIDA,55,7,2025-05-23 04:28:23.905448,31
3948,ENTRADA,20,21,2025-04-06 17:38:34.451145,27
3949,ENTRADA,37,47,2025-06-18 07:23:34.482492,61
3950,ENTRADA,63,18,2025-04-23 20:31:17.177473,40
3951,ENTRADA,232,26,2025-04-28 21:35:15.108456,68
3952,ENTRADA,456,44,2025-07-28 08:55:47.988143,66
3953,SALIDA,281,25,2025-07-11 21:20:29.208571,42
3954,SALIDA,393,22,2025-07-06 03:58:25.422842,85
3955,SALIDA,240,11,2025-06-07 00:20:22.574731,82
3956,ENTRADA,450,32,2025-04-03 04:56:59.634369,97
3957,SALIDA,160,15,2025-03-12 09:08:53.739404,41
3958,ENTRADA,362,4,2025-04-09 14:26:53.90493,4
3959,ENTRADA,331,35,2025-07-12 04:44:36.002182,38
3960,SALIDA,126,46,2025-08-03 21:29:26.989315,94
3961,ENTRADA,432,26,2025-06-22 23:20:44.785438,59
3962,SALIDA,40,27,2025-07-28 13:50:04.343971,2
3963,SALIDA,422,22,2025-07-20 17:01:00.986015,3
3964,SALIDA,429,48,2025-06-10 08:57:23.925452,4
3965,SALIDA,335,10,2025-04-04 12:18:39.472748,30
3966,SALIDA,131,22,2025-07-29 21:57:24.795396,46
3967,SALIDA,410,50,2025-07-03 05:07:26.499169,96
3968,ENTRADA,164,2,2025-08-02 15:23:12.320249,14
3969,ENTRADA,356,47,2025-04-21 10:49:52.983205,13
3970,SALIDA,489,24,2025-07-27 13:37:28.842255,15
3971,SALIDA,367,5,2025-07-08 18:17:25.106713,56
3972,ENTRADA,488,19,2025-03-16 05:42:54.567605,87
3973,ENTRADA,280,32,2025-07-18 13:34:09.831426,62
3974,ENTRADA,158,38,2025-07-18 02:54:50.187555,100
3975,SALIDA,79,8,2025-05-04 12:41:14.984196,83
3976,SALIDA,404,10,2025-07-23 11:19:09.760453,93
3977,SALIDA,76,43,2025-08-21 21:47:45.570162,26
3978,SALIDA,114,3,2025-06-22 00:59:12.504311,93
3979,SALIDA,361,37,2025-04-16 01:08:04.815018,36
3980,SALIDA,29,3,2025-03-15 16:18:08.531959,43
3981,ENTRADA,240,39,2025-07-06 11:41:34.983643,15
3982,SALIDA,380,7,2025-08-05 14:57:21.435713,88
3983,SALIDA,427,39,2025-03-12 00:55:47.96031,88
3984,SALIDA,6,19,2025-06-16 23:48:33.19119,48
3985,ENTRADA,456,41,2025-04-13 14:44:04.996829,41
3986,SALIDA,14,45,2025-08-03 21:48:25.605036,9
3987,ENTRADA,184,10,2025-08-20 11:37:55.387585,10
3988,ENTRADA,19,46,2025-07-03 10:11:37.559618,39
3989,SALIDA,275,30,2025-04-11 02:22:04.995997,39
3990,ENTRADA,474,43,2025-03-22 12:13:20.538336,46
3991,ENTRADA,39,43,2025-07-20 20:06:22.876251,18
3992,SALIDA,79,48,2025-06-04 14:25:10.105409,90
3993,SALIDA,89,17,2025-09-01 13:44:53.553246,88
3994,SALIDA,489,23,2025-08-15 16:52:57.656562,37
3995,SALIDA,440,51,2025-05-26 07:08:16.232296,11
3996,SALIDA,68,32,2025-07-24 16:40:07.908259,80
3997,ENTRADA,285,27,2025-09-06 16:12:08.284783,58
3998,ENTRADA,321,39,2025-05-20 20:33:06.525178,79
3999,SALIDA,456,7,2025-06-14 04:05:03.429247,34
4000,SALIDA,77,21,2025-04-09 15:37:37.052847,47
4001,ENTRADA,138,9,2025-08-05 13:28:47.972507,39
4002,ENTRADA,32,47,2025-05-02 03:55:44.831387,54
4003,SALIDA,351,42,2025-06-13 14:58:17.486574,94
4004,SALIDA,4,9,2025-05-13 19:51:51.408181,66
4005,SALIDA,480,39,2025-03-24 17:24:06.74177,10
4006,SALIDA,170,26,2025-03-27 20:03:39.902658,26
4007,SALIDA,399,40,2025-04-25 06:28:54.178654,84
4008,ENTRADA,149,15,2025-05-22 19:08:17.819801,85
4009,SALIDA,11,32,2025-06-27 11:44:11.496899,71
4010,ENTRADA,242,11,2025-03-14 05:25:48.330059,48
4011,ENTRADA,270,32,2025-09-04 08:14:42.924255,25
4012,SALIDA,216,43,2025-06-01 10:19:10.681095,18
4013,SALIDA,144,16,2025-06-07 17:16:56.810248,26
4014,ENTRADA,143,44,2025-05-26 14:54:14.754748,6
4015,ENTRADA,395,50,2025-05-15 12:39:11.551948,83
4016,SALIDA,438,51,2025-06-10 11:49:52.144397,81
4017,SALIDA,53,36,2025-04-30 14:16:46.098384,47
4018,ENTRADA,381,14,2025-06-14 13:03:13.991108,33
4019,ENTRADA,347,24,2025-08-29 15:06:45.779908,86
4020,SALIDA,118,19,2025-04-06 04:42:53.676978,63
4021,ENTRADA,237,3,2025-05-11 06:39:24.172556,13
4022,SALIDA,299,49,2025-08-21 16:07:31.096695,53
4023,ENTRADA,119,23,2025-03-20 13:39:12.49926,88
4024,SALIDA,309,46,2025-04-20 17:28:10.517843,70
4025,ENTRADA,145,44,2025-04-22 18:03:21.934034,63
4026,ENTRADA,81,28,2025-08-29 20:57:11.364913,68
4027,SALIDA,341,2,2025-03-30 03:13:55.159772,11
4028,SALIDA,124,32,2025-04-04 22:50:43.014087,77
4029,SALIDA,487,16,2025-04-28 17:43:53.000733,12
4030,ENTRADA,392,18,2025-08-21 04:23:46.275668,60
4031,ENTRADA,141,27,2025-06-22 06:53:44.397384,50
4032,SALIDA,412,26,2025-04-29 22:03:18.579817,25
4033,SALIDA,414,37,2025-04-27 12:34:28.52399,42
4034,ENTRADA,377,27,2025-07-20 02:45:14.266163,61
4035,SALIDA,81,32,2025-05-02 23:42:43.697323,30
4036,SALIDA,123,9,2025-06-03 09:42:58.943038,14
4037,SALIDA,11,18,2025-07-04 07:54:41.832167,51
4038,ENTRADA,94,6,2025-04-20 13:49:40.381604,3
4039,ENTRADA,311,32,2025-04-09 17:45:50.941188,6
4040,SALIDA,402,2,2025-06-16 18:22:49.194585,70
4041,SALIDA,302,40,2025-06-29 07:04:16.760852,48
4042,SALIDA,321,3,2025-03-19 03:48:38.882204,6
4043,SALIDA,95,2,2025-06-07 19:41:32.800242,27
4044,SALIDA,418,4,2025-08-30 04:43:15.262734,4
4045,SALIDA,189,42,2025-08-01 16:33:33.938328,95
4046,SALIDA,389,11,2025-06-10 06:20:24.622251,42
4047,ENTRADA,174,15,2025-03-13 00:21:12.477151,31
4048,SALIDA,116,37,2025-07-14 20:27:49.35594,2
4049,SALIDA,488,49,2025-05-04 13:48:31.190881,78
4050,SALIDA,475,3,2025-04-10 21:21:18.918037,32
4051,SALIDA,155,48,2025-08-31 09:11:56.149764,62
4052,ENTRADA,454,16,2025-05-27 22:57:24.75097,78
4053,SALIDA,339,21,2025-04-25 08:46:53.928442,1
4054,SALIDA,312,4,2025-08-12 23:36:02.620279,90
4055,ENTRADA,208,28,2025-05-30 00:27:35.005994,20
4056,SALIDA,66,45,2025-08-02 11:32:47.197823,94
4057,SALIDA,180,36,2025-08-27 21:45:02.430087,76
4058,SALIDA,297,12,2025-05-18 14:52:54.756895,65
4059,ENTRADA,406,5,2025-03-25 00:54:33.057528,43
4060,ENTRADA,220,22,2025-05-24 09:10:01.84114,35
4061,SALIDA,5,20,2025-07-21 16:20:07.769736,61
4062,ENTRADA,412,47,2025-04-25 15:24:33.810632,81
4063,ENTRADA,134,40,2025-04-23 23:16:03.323862,38
4064,SALIDA,177,41,2025-04-08 21:28:51.846256,53
4065,ENTRADA,481,33,2025-06-18 11:08:14.469995,46
4066,ENTRADA,75,19,2025-07-07 21:00:57.960545,24
4067,ENTRADA,472,7,2025-03-31 10:40:57.047392,85
4068,ENTRADA,145,15,2025-07-18 18:20:17.414807,59
4069,SALIDA,346,30,2025-06-14 22:57:21.618633,21
4070,ENTRADA,139,8,2025-07-05 01:47:21.148654,31
4071,SALIDA,86,13,2025-06-10 01:59:48.328013,61
4072,SALIDA,419,10,2025-07-26 13:17:30.40349,72
4073,ENTRADA,180,20,2025-08-29 08:03:59.874954,85
4074,SALIDA,45,35,2025-05-08 14:03:13.593424,32
4075,SALIDA,162,24,2025-06-20 02:55:30.750442,63
4076,SALIDA,167,32,2025-05-12 14:19:49.520962,80
4077,SALIDA,162,10,2025-08-04 16:08:43.808878,67
4078,ENTRADA,273,51,2025-04-09 15:52:48.212469,78
4079,ENTRADA,480,30,2025-04-13 14:34:34.39908,61
4080,SALIDA,483,46,2025-05-08 02:25:37.284229,29
4081,SALIDA,111,46,2025-03-30 07:54:20.558897,50
4082,SALIDA,481,28,2025-08-30 12:22:18.693808,30
4083,SALIDA,68,47,2025-03-24 19:52:02.596825,35
4084,ENTRADA,407,45,2025-05-11 05:44:59.957524,75
4085,ENTRADA,450,37,2025-06-22 23:16:42.527134,64
4086,SALIDA,239,22,2025-04-04 15:32:12.117419,69
4087,ENTRADA,32,34,2025-08-11 20:10:33.50649,95
4088,ENTRADA,396,23,2025-05-30 02:53:36.953876,29
4089,ENTRADA,225,19,2025-08-05 23:05:12.916967,99
4090,ENTRADA,411,44,2025-04-27 19:16:27.688593,42
4091,ENTRADA,89,13,2025-08-02 00:19:16.910846,45
4092,SALIDA,315,43,2025-05-31 18:12:55.971079,12
4093,ENTRADA,383,24,2025-06-16 13:13:38.863226,61
4094,ENTRADA,400,39,2025-06-30 20:11:22.690571,20
4095,ENTRADA,207,27,2025-04-22 08:56:57.279002,81
4096,SALIDA,292,26,2025-06-15 01:05:26.009825,38
4097,SALIDA,402,27,2025-03-13 01:13:51.925703,74
4098,ENTRADA,427,17,2025-06-09 05:10:27.599897,37
4099,SALIDA,26,26,2025-07-21 13:08:31.164602,99
4100,SALIDA,148,7,2025-03-30 14:40:30.417923,65
4101,ENTRADA,298,34,2025-08-05 12:28:07.416535,99
4102,ENTRADA,463,15,2025-03-31 09:14:16.931394,50
4103,ENTRADA,255,7,2025-09-02 18:08:11.627909,96
4104,SALIDA,236,31,2025-05-27 12:39:37.037864,2
4105,ENTRADA,395,2,2025-04-06 13:24:37.898447,45
4106,SALIDA,45,18,2025-06-04 07:20:27.741511,80
4107,SALIDA,397,46,2025-03-30 03:21:09.760079,69
4108,ENTRADA,47,46,2025-06-07 07:11:20.122332,80
4109,SALIDA,266,17,2025-05-16 15:16:53.725123,66
4110,ENTRADA,22,11,2025-04-26 06:03:54.525329,53
4111,SALIDA,214,31,2025-07-15 09:54:09.296403,45
4112,SALIDA,298,25,2025-07-26 23:55:06.327492,96
4113,SALIDA,28,5,2025-08-01 04:17:53.31423,1
4114,ENTRADA,463,21,2025-05-07 11:30:53.42819,6
4115,SALIDA,417,17,2025-07-09 11:18:16.138764,96
4116,ENTRADA,119,22,2025-08-05 14:44:01.794687,27
4117,ENTRADA,192,15,2025-07-02 15:48:21.42656,81
4118,SALIDA,459,24,2025-05-15 03:02:06.353675,64
4119,ENTRADA,360,25,2025-04-27 03:34:18.526161,81
4120,ENTRADA,248,12,2025-04-01 11:44:44.202654,8
4121,SALIDA,48,27,2025-05-25 22:35:51.974334,11
4122,ENTRADA,61,49,2025-06-01 02:12:36.562865,99
4123,SALIDA,294,6,2025-03-26 05:30:28.396358,83
4124,ENTRADA,163,31,2025-07-20 19:48:41.141533,22
4125,ENTRADA,10,39,2025-08-04 07:15:54.445702,68
4126,ENTRADA,214,47,2025-07-10 16:57:51.926144,65
4127,ENTRADA,43,43,2025-06-28 00:19:24.912441,47
4128,ENTRADA,265,46,2025-06-19 08:53:16.324909,42
4129,SALIDA,107,25,2025-06-28 03:39:31.860382,5
4130,ENTRADA,347,30,2025-05-07 19:02:15.293527,88
4131,SALIDA,51,45,2025-08-23 17:04:29.57353,75
4132,ENTRADA,263,29,2025-04-13 10:15:25.382498,63
4133,SALIDA,108,46,2025-06-12 01:31:56.192366,19
4134,ENTRADA,364,12,2025-09-02 01:30:08.756243,45
4135,SALIDA,265,25,2025-04-29 23:18:42.871796,46
4136,ENTRADA,162,49,2025-04-23 19:58:39.398142,58
4137,ENTRADA,185,22,2025-07-10 19:49:55.310063,84
4138,ENTRADA,161,3,2025-05-12 22:07:21.874957,33
4139,ENTRADA,40,50,2025-07-07 02:37:33.192253,25
4140,ENTRADA,381,48,2025-06-18 05:52:31.687041,6
4141,SALIDA,483,17,2025-09-03 17:05:30.458448,17
4142,SALIDA,88,11,2025-04-15 03:23:17.1292,14
4143,SALIDA,22,3,2025-07-25 00:48:11.773981,20
4144,ENTRADA,77,13,2025-07-27 12:35:42.665857,65
4145,SALIDA,491,43,2025-05-30 16:42:07.834977,63
4146,ENTRADA,35,36,2025-08-30 11:58:49.197916,42
4147,SALIDA,26,41,2025-04-10 07:32:42.733776,20
4148,SALIDA,304,39,2025-07-13 19:39:55.514621,31
4149,ENTRADA,484,7,2025-04-19 16:52:00.07929,84
4150,ENTRADA,294,35,2025-08-04 13:01:49.247038,62
4151,SALIDA,364,46,2025-03-12 06:38:50.012513,61
4152,ENTRADA,198,23,2025-04-30 03:26:04.111268,64
4153,SALIDA,408,49,2025-05-10 17:09:21.953261,52
4154,ENTRADA,234,42,2025-07-06 22:06:22.131567,13
4155,SALIDA,398,15,2025-07-03 19:29:48.558305,74
4156,SALIDA,167,35,2025-03-26 02:27:40.495946,18
4157,ENTRADA,64,46,2025-04-30 14:34:37.673573,26
4158,SALIDA,497,33,2025-04-11 19:46:52.759581,17
4159,SALIDA,115,32,2025-05-05 17:57:47.426196,91
4160,ENTRADA,332,23,2025-05-11 03:08:47.759451,29
4161,ENTRADA,333,47,2025-08-26 16:46:48.889055,52
4162,ENTRADA,346,11,2025-07-24 08:38:16.883632,3
4163,ENTRADA,337,50,2025-05-03 18:41:25.618644,32
4164,SALIDA,252,44,2025-08-07 03:19:05.215429,98
4165,SALIDA,306,49,2025-04-25 12:45:39.8864,47
4166,ENTRADA,7,37,2025-03-21 00:11:38.508329,60
4167,SALIDA,203,29,2025-06-14 08:58:40.665043,32
4168,ENTRADA,236,30,2025-05-14 20:50:40.751077,84
4169,ENTRADA,338,28,2025-04-16 23:42:13.143609,72
4170,SALIDA,105,15,2025-08-28 19:12:11.736448,16
4171,ENTRADA,227,22,2025-07-23 04:53:08.04226,7
4172,ENTRADA,110,13,2025-03-24 21:23:10.284964,96
4173,ENTRADA,43,45,2025-06-09 18:54:28.24115,49
4174,SALIDA,242,36,2025-06-08 18:01:58.09264,50
4175,ENTRADA,31,28,2025-07-22 10:47:07.188191,48
4176,ENTRADA,294,29,2025-06-29 05:58:56.995241,62
4177,ENTRADA,311,34,2025-08-19 05:39:53.466981,14
4178,SALIDA,183,5,2025-04-22 22:58:01.646432,8
4179,ENTRADA,247,40,2025-07-26 10:11:51.534934,43
4180,SALIDA,291,14,2025-06-10 12:58:55.119226,64
4181,SALIDA,204,47,2025-06-27 22:44:08.68776,3
4182,ENTRADA,62,8,2025-08-21 19:54:15.512879,58
4183,ENTRADA,265,34,2025-06-11 01:49:51.372081,31
4184,SALIDA,83,20,2025-05-22 10:42:42.011941,11
4185,SALIDA,94,30,2025-05-26 21:59:07.733322,26
4186,SALIDA,416,24,2025-07-26 16:21:27.595257,63
4187,ENTRADA,333,16,2025-07-01 11:13:17.903879,6
4188,SALIDA,315,36,2025-08-25 23:03:40.193898,96
4189,ENTRADA,51,22,2025-07-06 02:03:09.034824,15
4190,SALIDA,360,46,2025-07-27 02:31:22.257517,23
4191,ENTRADA,166,19,2025-07-24 01:30:40.289708,89
4192,ENTRADA,398,4,2025-05-14 17:48:47.052225,99
4193,ENTRADA,427,12,2025-08-10 11:16:51.490855,31
4194,SALIDA,327,14,2025-08-17 14:19:02.776889,84
4195,ENTRADA,148,39,2025-08-07 02:58:22.90755,42
4196,SALIDA,433,51,2025-04-12 07:58:30.546275,54
4197,ENTRADA,367,13,2025-06-10 02:03:10.983874,72
4198,SALIDA,206,29,2025-09-01 21:31:26.172157,80
4199,SALIDA,238,15,2025-07-18 11:06:13.527244,70
4200,SALIDA,331,2,2025-03-27 01:02:25.036839,31
4201,ENTRADA,319,29,2025-07-07 03:20:02.963798,81
4202,SALIDA,327,5,2025-06-09 20:27:53.183887,94
4203,ENTRADA,60,45,2025-08-04 06:15:28.179891,67
4204,ENTRADA,265,20,2025-06-03 12:21:56.681862,91
4205,SALIDA,324,9,2025-06-17 08:32:24.929115,57
4206,ENTRADA,89,39,2025-03-15 13:26:25.274557,30
4207,ENTRADA,75,32,2025-08-03 03:37:35.148727,32
4208,ENTRADA,375,48,2025-07-13 12:28:11.671084,13
4209,SALIDA,337,16,2025-04-02 18:27:12.843292,50
4210,SALIDA,138,36,2025-03-31 15:19:17.587314,35
4211,SALIDA,358,51,2025-07-12 16:59:16.033205,43
4212,ENTRADA,399,42,2025-03-26 15:04:04.247893,45
4213,SALIDA,425,19,2025-08-21 20:41:40.777784,2
4214,SALIDA,46,47,2025-08-13 17:24:36.257824,91
4215,ENTRADA,134,26,2025-03-26 10:39:08.423375,7
4216,ENTRADA,275,41,2025-03-23 22:26:09.018748,67
4217,SALIDA,467,19,2025-08-14 14:10:42.437904,3
4218,SALIDA,188,23,2025-09-03 09:16:18.371976,63
4219,SALIDA,79,15,2025-03-12 15:45:59.421681,47
4220,ENTRADA,478,38,2025-08-07 02:36:20.063622,21
4221,SALIDA,61,45,2025-09-06 09:01:58.982795,74
4222,ENTRADA,126,17,2025-04-02 19:22:29.09279,38
4223,SALIDA,246,3,2025-06-28 02:05:11.549265,77
4224,ENTRADA,152,7,2025-07-29 03:08:13.181986,95
4225,SALIDA,451,36,2025-07-01 19:59:31.449478,86
4226,SALIDA,174,15,2025-05-30 07:12:07.60868,71
4227,ENTRADA,231,37,2025-06-30 14:06:18.386879,59
4228,SALIDA,116,18,2025-06-06 02:12:39.717868,71
4229,ENTRADA,220,33,2025-06-21 12:10:15.042706,58
4230,ENTRADA,259,44,2025-07-28 22:43:49.2179,78
4231,ENTRADA,230,34,2025-06-04 00:43:56.539217,61
4232,ENTRADA,187,28,2025-04-20 05:32:40.497998,34
4233,SALIDA,294,9,2025-06-29 06:57:13.400602,78
4234,SALIDA,457,29,2025-06-26 07:23:26.30841,37
4235,SALIDA,162,43,2025-03-22 18:32:48.498569,75
4236,ENTRADA,380,33,2025-03-15 08:11:30.285115,79
4237,SALIDA,51,31,2025-07-08 00:05:11.740942,86
4238,SALIDA,307,25,2025-06-25 19:53:59.324255,82
4239,SALIDA,497,20,2025-05-21 12:37:31.05266,56
4240,SALIDA,180,18,2025-04-29 01:32:43.936272,94
4241,ENTRADA,431,28,2025-04-06 03:59:34.164899,71
4242,ENTRADA,435,17,2025-07-22 20:42:26.320832,41
4243,SALIDA,468,29,2025-03-14 17:35:15.056903,43
4244,SALIDA,122,25,2025-03-16 08:22:41.978815,8
4245,SALIDA,359,38,2025-06-05 03:14:11.387314,65
4246,SALIDA,43,25,2025-04-26 10:52:52.51124,27
4247,ENTRADA,481,23,2025-06-20 02:13:57.295104,61
4248,SALIDA,17,48,2025-03-30 03:54:41.397098,98
4249,SALIDA,22,33,2025-06-28 13:17:01.236947,50
4250,SALIDA,163,29,2025-04-18 15:41:11.293686,85
4251,ENTRADA,76,11,2025-07-21 14:34:15.110321,85
4252,ENTRADA,238,24,2025-08-01 04:31:15.878614,53
4253,SALIDA,354,50,2025-07-13 03:03:32.081605,56
4254,ENTRADA,339,16,2025-07-02 18:45:40.63196,64
4255,SALIDA,77,38,2025-08-26 23:15:37.382231,58
4256,SALIDA,496,41,2025-04-11 23:15:07.727378,69
4257,SALIDA,440,10,2025-03-23 21:46:27.19471,87
4258,ENTRADA,138,5,2025-08-26 04:41:15.152658,90
4259,ENTRADA,402,27,2025-05-02 04:35:13.100478,49
4260,ENTRADA,70,16,2025-08-16 10:14:13.651085,64
4261,SALIDA,399,40,2025-03-29 02:00:40.92112,49
4262,SALIDA,347,26,2025-07-06 13:15:28.887612,18
4263,ENTRADA,415,38,2025-06-15 00:15:52.197377,81
4264,SALIDA,78,5,2025-07-15 10:06:34.493083,51
4265,ENTRADA,178,28,2025-03-15 02:48:03.828425,91
4266,ENTRADA,90,12,2025-07-06 14:28:42.136588,65
4267,SALIDA,234,44,2025-05-06 02:27:08.513389,7
4268,SALIDA,162,41,2025-05-16 08:53:36.965991,2
4269,SALIDA,496,17,2025-07-15 22:38:39.547595,64
4270,SALIDA,23,19,2025-03-14 20:25:18.849338,66
4271,SALIDA,483,21,2025-05-30 07:21:50.105287,97
4272,SALIDA,423,23,2025-03-30 04:53:38.049604,78
4273,SALIDA,187,47,2025-04-15 19:32:06.293971,20
4274,SALIDA,486,32,2025-08-02 13:50:54.951087,24
4275,SALIDA,126,28,2025-07-21 12:50:01.647295,63
4276,ENTRADA,408,45,2025-04-17 23:11:28.276557,97
4277,SALIDA,457,43,2025-04-06 04:38:12.352645,55
4278,SALIDA,176,43,2025-06-30 09:29:51.285713,90
4279,SALIDA,138,31,2025-09-06 12:58:09.190923,98
4280,ENTRADA,38,4,2025-09-03 05:23:22.203379,95
4281,ENTRADA,354,32,2025-08-21 16:32:50.31141,3
4282,SALIDA,495,13,2025-05-29 22:51:20.129231,7
4283,SALIDA,354,42,2025-07-01 20:55:04.397688,12
4284,SALIDA,92,29,2025-07-21 15:35:59.766861,17
4285,ENTRADA,94,22,2025-03-13 22:52:01.935923,44
4286,ENTRADA,44,7,2025-08-18 07:24:49.133283,31
4287,ENTRADA,499,19,2025-06-12 10:13:17.979359,90
4288,SALIDA,125,28,2025-03-14 09:39:09.993762,6
4289,SALIDA,218,42,2025-04-21 00:44:45.686736,52
4290,ENTRADA,239,20,2025-06-09 22:36:28.860228,95
4291,SALIDA,444,31,2025-03-16 15:41:55.013873,1
4292,ENTRADA,344,21,2025-03-22 16:54:16.708222,26
4293,ENTRADA,93,31,2025-04-15 12:26:46.18089,73
4294,SALIDA,230,2,2025-07-23 13:32:14.850504,70
4295,ENTRADA,238,48,2025-08-19 19:38:36.273715,7
4296,SALIDA,378,2,2025-07-15 14:54:52.552565,29
4297,ENTRADA,498,5,2025-04-21 20:31:53.911101,45
4298,SALIDA,33,13,2025-07-20 09:37:48.846768,79
4299,ENTRADA,323,31,2025-03-13 23:04:24.699241,15
4300,SALIDA,5,28,2025-03-28 20:01:18.244898,40
4301,ENTRADA,107,16,2025-08-25 03:24:28.006681,59
4302,ENTRADA,460,49,2025-08-03 03:46:59.592874,58
4303,ENTRADA,232,21,2025-03-30 12:18:10.090558,70
4304,ENTRADA,54,19,2025-07-28 21:41:17.790847,51
4305,ENTRADA,329,3,2025-04-10 19:30:16.069871,89
4306,ENTRADA,8,31,2025-05-04 03:31:19.619733,55
4307,SALIDA,337,36,2025-08-24 07:46:44.178698,99
4308,SALIDA,254,12,2025-06-25 02:36:04.402466,61
4309,ENTRADA,388,7,2025-08-20 02:45:54.18221,21
4310,ENTRADA,203,42,2025-05-14 05:22:37.209992,43
4311,ENTRADA,148,45,2025-05-02 18:11:24.970562,53
4312,SALIDA,316,31,2025-08-03 09:41:47.847491,34
4313,SALIDA,94,28,2025-07-04 23:43:57.457066,39
4314,SALIDA,107,6,2025-05-19 11:42:02.57449,60
4315,ENTRADA,491,43,2025-06-19 08:51:18.843021,36
4316,SALIDA,328,20,2025-03-22 22:42:36.239663,8
4317,SALIDA,13,50,2025-04-17 01:24:48.441281,45
4318,ENTRADA,442,49,2025-08-27 21:52:22.407218,39
4319,SALIDA,53,6,2025-03-13 09:55:06.532923,55
4320,ENTRADA,460,26,2025-05-25 22:48:19.355697,6
4321,SALIDA,119,10,2025-08-27 19:44:35.643434,48
4322,ENTRADA,313,43,2025-03-23 04:31:24.409618,20
4323,ENTRADA,436,11,2025-07-28 02:16:04.952704,21
4324,ENTRADA,487,2,2025-09-04 14:18:48.264356,60
4325,SALIDA,486,43,2025-07-12 09:52:52.605819,98
4326,SALIDA,400,19,2025-08-22 22:52:57.53852,52
4327,SALIDA,378,19,2025-04-26 18:36:56.153954,3
4328,SALIDA,314,34,2025-08-29 18:06:15.620994,20
4329,SALIDA,360,15,2025-07-26 22:47:44.110902,28
4330,SALIDA,138,15,2025-03-14 15:49:12.98862,3
4331,ENTRADA,349,42,2025-09-05 06:20:16.953115,79
4332,SALIDA,431,7,2025-07-23 15:10:26.669711,36
4333,SALIDA,461,35,2025-06-29 22:42:54.125344,35
4334,SALIDA,447,11,2025-07-05 16:32:25.246841,3
4335,SALIDA,482,50,2025-04-28 22:08:27.109889,29
4336,ENTRADA,313,44,2025-07-05 15:57:25.854454,29
4337,ENTRADA,358,48,2025-08-28 18:18:21.07383,16
4338,SALIDA,186,17,2025-04-24 06:04:38.473683,51
4339,ENTRADA,346,41,2025-07-30 03:39:57.889576,31
4340,ENTRADA,385,34,2025-04-13 19:31:13.515029,4
4341,ENTRADA,14,26,2025-07-15 08:16:09.990053,70
4342,SALIDA,80,31,2025-06-15 01:31:57.856386,50
4343,ENTRADA,53,50,2025-07-26 03:24:43.226371,86
4344,SALIDA,224,20,2025-04-30 02:39:37.484756,52
4345,SALIDA,67,22,2025-05-12 14:03:02.96172,23
4346,ENTRADA,155,34,2025-05-18 15:06:23.764125,70
4347,SALIDA,440,39,2025-03-31 18:15:50.932335,9
4348,SALIDA,210,43,2025-05-29 03:27:32.151833,82
4349,SALIDA,132,40,2025-05-14 19:19:37.065621,97
4350,ENTRADA,184,17,2025-05-26 23:07:12.245008,74
4351,ENTRADA,430,42,2025-06-02 07:09:03.556304,21
4352,SALIDA,179,45,2025-05-23 06:53:55.501245,22
4353,SALIDA,36,13,2025-08-30 21:19:33.690415,68
4354,SALIDA,73,11,2025-04-24 08:06:07.971598,5
4355,SALIDA,91,4,2025-08-10 01:11:27.644497,14
4356,ENTRADA,235,42,2025-07-07 23:24:09.414279,74
4357,SALIDA,356,34,2025-06-04 23:01:20.183677,23
4358,ENTRADA,4,5,2025-07-20 21:44:15.14018,61
4359,ENTRADA,330,34,2025-07-05 20:08:36.894544,44
4360,ENTRADA,74,29,2025-09-06 12:30:15.095812,92
4361,SALIDA,25,25,2025-07-28 12:37:15.473157,84
4362,ENTRADA,412,18,2025-06-30 05:57:22.453826,61
4363,SALIDA,397,15,2025-03-15 10:38:39.737616,81
4364,ENTRADA,497,34,2025-08-14 09:32:50.738954,59
4365,SALIDA,480,20,2025-06-10 21:29:00.827442,22
4366,ENTRADA,467,19,2025-08-12 06:30:21.262384,39
4367,SALIDA,94,14,2025-07-30 00:45:41.972417,23
4368,ENTRADA,62,16,2025-05-27 17:18:37.726332,83
4369,SALIDA,382,32,2025-05-23 21:38:05.932888,53
4370,ENTRADA,158,20,2025-08-28 23:41:03.52517,86
4371,SALIDA,450,39,2025-08-30 09:42:04.698686,4
4372,ENTRADA,462,23,2025-05-23 12:21:14.240388,15
4373,ENTRADA,257,12,2025-07-12 17:40:53.748961,59
4374,SALIDA,345,2,2025-08-30 04:34:56.025114,50
4375,ENTRADA,163,26,2025-07-03 14:13:27.247315,50
4376,SALIDA,236,40,2025-04-10 15:29:40.855714,15
4377,SALIDA,23,20,2025-08-08 02:32:42.671624,14
4378,ENTRADA,261,44,2025-06-22 12:03:40.103614,15
4379,SALIDA,137,34,2025-03-25 12:10:21.419106,57
4380,ENTRADA,371,2,2025-04-20 12:30:53.170977,30
4381,SALIDA,386,47,2025-05-07 00:12:41.007402,51
4382,SALIDA,63,39,2025-07-02 23:57:49.968332,9
4383,ENTRADA,279,22,2025-05-06 01:13:34.083599,52
4384,ENTRADA,307,24,2025-05-17 06:37:33.990108,27
4385,SALIDA,51,34,2025-06-18 02:23:53.199089,24
4386,ENTRADA,358,25,2025-07-26 12:48:57.870976,57
4387,ENTRADA,189,19,2025-08-02 07:54:25.649297,76
4388,SALIDA,68,41,2025-05-10 06:10:55.737332,41
4389,ENTRADA,383,10,2025-07-06 07:52:13.494943,58
4390,SALIDA,158,29,2025-04-20 11:10:00.229578,41
4391,ENTRADA,409,12,2025-07-07 17:14:01.278551,56
4392,SALIDA,481,16,2025-06-12 10:06:09.369873,60
4393,ENTRADA,452,48,2025-08-04 20:32:54.818981,63
4394,SALIDA,276,14,2025-06-11 23:31:25.033248,74
4395,SALIDA,77,34,2025-07-23 17:29:08.519728,15
4396,ENTRADA,458,6,2025-07-19 18:06:14.904882,63
4397,SALIDA,15,38,2025-08-10 13:33:28.980051,82
4398,SALIDA,339,39,2025-08-16 11:35:27.533418,54
4399,ENTRADA,206,40,2025-04-20 19:01:51.276904,32
4400,ENTRADA,344,39,2025-04-02 05:19:38.604805,94
4401,SALIDA,64,48,2025-03-29 09:53:41.136831,86
4402,SALIDA,235,29,2025-08-25 09:54:47.050867,18
4403,SALIDA,212,20,2025-09-04 17:28:08.758068,77
4404,SALIDA,401,34,2025-05-13 20:14:14.41416,80
4405,SALIDA,26,21,2025-07-08 17:50:50.731945,68
4406,ENTRADA,454,24,2025-06-14 13:10:00.687396,10
4407,ENTRADA,215,34,2025-04-25 05:40:46.464616,29
4408,ENTRADA,334,36,2025-08-07 20:51:45.257311,60
4409,ENTRADA,26,31,2025-09-01 07:45:05.307921,84
4410,SALIDA,246,45,2025-05-15 18:11:18.61868,48
4411,SALIDA,458,45,2025-08-24 18:21:41.077244,48
4412,ENTRADA,413,50,2025-05-11 09:47:54.40775,38
4413,SALIDA,476,23,2025-08-05 12:41:30.86683,69
4414,SALIDA,340,46,2025-06-03 11:48:20.333691,100
4415,ENTRADA,436,48,2025-06-01 13:35:38.614206,39
4416,ENTRADA,347,29,2025-05-09 11:40:57.227028,22
4417,SALIDA,169,14,2025-03-13 16:57:54.635373,79
4418,SALIDA,295,2,2025-04-08 22:57:23.354233,63
4419,SALIDA,173,36,2025-05-05 00:01:40.699788,90
4420,ENTRADA,115,10,2025-07-09 14:06:01.301127,53
4421,ENTRADA,477,26,2025-07-05 10:31:07.996595,66
4422,ENTRADA,81,1,2025-09-02 01:55:41.655382,81
4423,ENTRADA,269,45,2025-08-25 16:44:25.286337,55
4424,ENTRADA,32,40,2025-05-14 11:47:56.970225,6
4425,SALIDA,377,24,2025-08-16 15:50:24.829957,6
4426,SALIDA,68,30,2025-04-22 19:29:08.738783,32
4427,ENTRADA,280,9,2025-07-12 01:52:09.460454,2
4428,ENTRADA,448,21,2025-06-07 15:28:06.052134,58
4429,SALIDA,231,51,2025-08-11 12:10:49.792673,40
4430,ENTRADA,468,48,2025-06-20 07:14:45.249427,25
4431,ENTRADA,20,7,2025-06-29 11:05:01.112283,44
4432,SALIDA,328,9,2025-06-11 10:57:17.645241,68
4433,SALIDA,382,43,2025-03-14 04:19:34.138283,26
4434,ENTRADA,240,15,2025-09-03 22:02:18.966586,52
4435,ENTRADA,32,29,2025-08-30 15:44:45.491303,26
4436,ENTRADA,269,45,2025-07-16 01:14:05.003652,7
4437,ENTRADA,303,12,2025-04-23 14:12:42.780627,53
4438,SALIDA,3,39,2025-07-14 10:12:24.255078,60
4439,ENTRADA,181,19,2025-06-20 07:33:26.397511,78
4440,ENTRADA,388,35,2025-04-21 13:51:38.83865,54
4441,ENTRADA,39,9,2025-07-24 14:57:19.518389,15
4442,ENTRADA,135,25,2025-05-22 11:57:46.484748,65
4443,SALIDA,201,10,2025-04-27 04:56:22.607745,24
4444,ENTRADA,119,27,2025-08-24 18:38:08.391292,54
4445,ENTRADA,262,25,2025-08-24 00:23:53.999122,1
4446,ENTRADA,347,26,2025-06-25 16:13:03.381083,30
4447,ENTRADA,74,13,2025-03-25 17:32:21.456637,22
4448,ENTRADA,34,13,2025-07-26 13:33:47.468733,96
4449,SALIDA,108,33,2025-08-15 08:49:17.949022,13
4450,SALIDA,415,46,2025-06-06 06:03:10.528691,38
4451,ENTRADA,493,24,2025-04-23 09:10:12.789392,39
4452,SALIDA,251,7,2025-05-19 07:21:50.061513,36
4453,ENTRADA,251,50,2025-06-14 01:01:23.385646,7
4454,ENTRADA,155,20,2025-07-01 01:39:17.072593,100
4455,ENTRADA,471,19,2025-07-28 09:28:21.546458,71
4456,ENTRADA,131,21,2025-04-20 11:41:14.717499,16
4457,ENTRADA,181,2,2025-03-22 23:24:43.729743,43
4458,SALIDA,369,26,2025-08-25 12:20:29.645158,45
4459,ENTRADA,91,42,2025-08-26 13:47:12.386419,65
4460,ENTRADA,273,43,2025-07-30 05:56:49.119364,8
4461,SALIDA,129,20,2025-04-27 09:59:29.854225,38
4462,ENTRADA,196,7,2025-04-15 20:46:52.512011,6
4463,SALIDA,157,36,2025-07-15 22:25:38.819558,73
4464,ENTRADA,344,26,2025-08-04 20:14:17.379274,46
4465,SALIDA,122,35,2025-06-16 02:34:52.389781,63
4466,SALIDA,337,32,2025-09-01 17:22:27.696917,16
4467,SALIDA,49,38,2025-03-23 05:38:03.292798,86
4468,ENTRADA,463,13,2025-05-11 04:04:12.458891,51
4469,ENTRADA,424,25,2025-08-15 15:38:40.225367,46
4470,SALIDA,380,18,2025-05-02 18:34:21.706827,43
4471,ENTRADA,24,50,2025-06-02 17:36:10.845172,38
4472,ENTRADA,58,13,2025-05-15 10:33:53.058127,84
4473,ENTRADA,365,16,2025-04-06 18:25:54.092825,90
4474,SALIDA,196,16,2025-04-19 06:51:37.532415,31
4475,ENTRADA,205,40,2025-03-30 06:33:23.185481,92
4476,SALIDA,280,51,2025-07-30 09:41:22.174487,79
4477,ENTRADA,89,15,2025-06-07 13:14:55.708452,75
4478,SALIDA,132,15,2025-03-26 01:29:17.879035,62
4479,ENTRADA,143,19,2025-04-12 21:04:40.673005,94
4480,SALIDA,146,40,2025-06-13 13:07:41.744389,25
4481,SALIDA,457,13,2025-07-30 05:29:03.406898,60
4482,SALIDA,13,48,2025-04-30 09:10:00.268796,31
4483,ENTRADA,165,2,2025-08-27 07:51:54.106839,26
4484,SALIDA,473,43,2025-03-18 07:19:18.371093,42
4485,SALIDA,200,30,2025-06-29 04:43:38.890191,14
4486,SALIDA,389,45,2025-08-10 17:48:41.506721,30
4487,ENTRADA,341,18,2025-03-24 04:23:23.66674,20
4488,SALIDA,286,18,2025-04-11 05:11:12.330459,84
4489,SALIDA,249,20,2025-06-09 21:47:13.289876,43
4490,ENTRADA,488,26,2025-08-03 08:29:38.413614,54
4491,ENTRADA,169,40,2025-06-26 16:50:25.661629,31
4492,ENTRADA,186,33,2025-07-28 20:45:42.268609,11
4493,ENTRADA,125,43,2025-04-25 17:14:26.920851,49
4494,ENTRADA,227,40,2025-08-28 23:16:35.732827,34
4495,SALIDA,186,26,2025-05-02 16:18:15.426873,70
4496,SALIDA,280,44,2025-04-10 21:18:32.956686,2
4497,SALIDA,148,29,2025-04-30 19:38:03.91059,5
4498,SALIDA,214,12,2025-06-20 14:57:59.622882,29
4499,SALIDA,491,35,2025-05-30 08:55:23.873903,39
4500,SALIDA,85,34,2025-07-27 08:41:24.401177,60
